REF_DATE,GEO,DGUID,Products and product groups,UOM,UOM_ID,SCALAR_FACTOR,SCALAR_ID,VECTOR,COORDINATE,VALUE,STATUS,SYMBOL,TERMINATED,DECIMALS
2016-09,Alberta,2016A000248,All-items,2002=100,17,units,0,v41692327,23.2,135.3,,,,1
2016-10,Alberta,2016A000248,All-items,2002=100,17,units,0,v41692327,23.2,135.8,,,,1
2016-11,Alberta,2016A000248,All-items,2002=100,17,units,0,v41692327,23.2,135.0,,,,1
2016-12,Alberta,2016A000248,All-items,2002=100,17,units,0,v41692327,23.2,134.9,,,,1
2017-01,Alberta,2016A000248,All-items,2002=100,17,units,0,v41692327,23.2,137.0,,,,1
2017-02,Alberta,2016A000248,All-items,2002=100,17,units,0,v41692327,23.2,136.7,,,,1
2017-03,Alberta,2016A000248,All-items,2002=100,17,units,0,v41692327,23.2,136.8,,,,1
2017-04,Alberta,2016A000248,All-items,2002=100,17,units,0,v41692327,23.2,137.4,,,,1
2017-05,Alberta,2016A000248,All-items,2002=100,17,units,0,v41692327,23.2,137.2,,,,1
2017-06,Alberta,2016A000248,All-items,2002=100,17,units,0,v41692327,23.2,136.9,,,,1
2017-07,Alberta,2016A000248,All-items,2002=100,17,units,0,v41692327,23.2,137.0,,,,1
2017-08,Alberta,2016A000248,All-items,2002=100,17,units,0,v41692327,23.2,137.4,,,,1
2017-09,Alberta,2016A000248,All-items,2002=100,17,units,0,v41692327,23.2,137.0,,,,1
2017-10,Alberta,2016A000248,All-items,2002=100,17,units,0,v41692327,23.2,137.6,,,,1
2017-11,Alberta,2016A000248,All-items,2002=100,17,units,0,v41692327,23.2,138.4,,,,1
2017-12,Alberta,2016A000248,All-items,2002=100,17,units,0,v41692327,23.2,137.6,,,,1
2018-01,Alberta,2016A000248,All-items,2002=100,17,units,0,v41692327,23.2,138.9,,,,1
2018-02,Alberta,2016A000248,All-items,2002=100,17,units,0,v41692327,23.2,139.7,,,,1
2018-03,Alberta,2016A000248,All-items,2002=100,17,units,0,v41692327,23.2,139.9,,,,1
2018-04,Alberta,2016A000248,All-items,2002=100,17,units,0,v41692327,23.2,140.6,,,,1
2018-05,Alberta,2016A000248,All-items,2002=100,17,units,0,v41692327,23.2,140.7,,,,1
2018-06,Alberta,2016A000248,All-items,2002=100,17,units,0,v41692327,23.2,140.7,,,,1
2018-07,Alberta,2016A000248,All-items,2002=100,17,units,0,v41692327,23.2,141.8,,,,1
2018-08,Alberta,2016A000248,All-items,2002=100,17,units,0,v41692327,23.2,141.6,,,,1
2018-09,Alberta,2016A000248,All-items,2002=100,17,units,0,v41692327,23.2,141.1,,,,1
2018-10,Alberta,2016A000248,All-items,2002=100,17,units,0,v41692327,23.2,141.4,,,,1
2018-11,Alberta,2016A000248,All-items,2002=100,17,units,0,v41692327,23.2,140.7,,,,1
2018-12,Alberta,2016A000248,All-items,2002=100,17,units,0,v41692327,23.2,140.5,,,,1
2019-01,Alberta,2016A000248,All-items,2002=100,17,units,0,v41692327,23.2,140.5,,,,1
2019-02,Alberta,2016A000248,All-items,2002=100,17,units,0,v41692327,23.2,142.0,,,,1
2019-03,Alberta,2016A000248,All-items,2002=100,17,units,0,v41692327,23.2,143.1,,,,1
2019-04,Alberta,2016A000248,All-items,2002=100,17,units,0,v41692327,23.2,143.7,,,,1
2019-05,Alberta,2016A000248,All-items,2002=100,17,units,0,v41692327,23.2,144.0,,,,1
2019-06,Alberta,2016A000248,All-items,2002=100,17,units,0,v41692327,23.2,142.7,,,,1
2019-07,Alberta,2016A000248,All-items,2002=100,17,units,0,v41692327,23.2,143.6,,,,1
2019-08,Alberta,2016A000248,All-items,2002=100,17,units,0,v41692327,23.2,143.4,,,,1
2019-09,Alberta,2016A000248,All-items,2002=100,17,units,0,v41692327,23.2,142.9,,,,1
2019-10,Alberta,2016A000248,All-items,2002=100,17,units,0,v41692327,23.2,143.6,,,,1
2019-11,Alberta,2016A000248,All-items,2002=100,17,units,0,v41692327,23.2,143.6,,,,1
2019-12,Alberta,2016A000248,All-items,2002=100,17,units,0,v41692327,23.2,143.7,,,,1
2020-01,Alberta,2016A000248,All-items,2002=100,17,units,0,v41692327,23.2,144.7,,,,1
2020-02,Alberta,2016A000248,All-items,2002=100,17,units,0,v41692327,23.2,145.5,,,,1
2020-03,Alberta,2016A000248,All-items,2002=100,17,units,0,v41692327,23.2,144.1,,,,1
2020-04,Alberta,2016A000248,All-items,2002=100,17,units,0,v41692327,23.2,143.0,,,,1
2020-05,Alberta,2016A000248,All-items,2002=100,17,units,0,v41692327,23.2,144.1,,,,1
2020-06,Alberta,2016A000248,All-items,2002=100,17,units,0,v41692327,23.2,145.0,,,,1
2020-07,Alberta,2016A000248,All-items,2002=100,17,units,0,v41692327,23.2,144.9,,,,1
2020-08,Alberta,2016A000248,All-items,2002=100,17,units,0,v41692327,23.2,144.2,,,,1
2020-09,Alberta,2016A000248,All-items,2002=100,17,units,0,v41692327,23.2,145.0,,,,1
2020-10,Alberta,2016A000248,All-items,2002=100,17,units,0,v41692327,23.2,145.2,,,,1
2020-11,Alberta,2016A000248,All-items,2002=100,17,units,0,v41692327,23.2,145.4,,,,1
2020-12,Alberta,2016A000248,All-items,2002=100,17,units,0,v41692327,23.2,144.8,,,,1
2021-01,Alberta,2016A000248,All-items,2002=100,17,units,0,v41692327,23.2,145.8,,,,1
2021-02,Alberta,2016A000248,All-items,2002=100,17,units,0,v41692327,23.2,146.4,,,,1
2021-03,Alberta,2016A000248,All-items,2002=100,17,units,0,v41692327,23.2,146.9,,,,1
2021-04,Alberta,2016A000248,All-items,2002=100,17,units,0,v41692327,23.2,147.7,,,,1
2021-05,Alberta,2016A000248,All-items,2002=100,17,units,0,v41692327,23.2,148.6,,,,1
2021-06,Alberta,2016A000248,All-items,2002=100,17,units,0,v41692327,23.2,148.9,,,,1
2021-07,Alberta,2016A000248,All-items,2002=100,17,units,0,v41692327,23.2,150.3,,,,1
2021-08,Alberta,2016A000248,All-items,2002=100,17,units,0,v41692327,23.2,151.0,,,,1
2021-09,Alberta,2016A000248,All-items,2002=100,17,units,0,v41692327,23.2,150.8,,,,1
2021-10,Alberta,2016A000248,All-items,2002=100,17,units,0,v41692327,23.2,151.5,,,,1
2021-11,Alberta,2016A000248,All-items,2002=100,17,units,0,v41692327,23.2,151.6,,,,1
2021-12,Alberta,2016A000248,All-items,2002=100,17,units,0,v41692327,23.2,151.7,,,,1
2022-01,Alberta,2016A000248,All-items,2002=100,17,units,0,v41692327,23.2,152.8,,,,1
2022-02,Alberta,2016A000248,All-items,2002=100,17,units,0,v41692327,23.2,154.5,,,,1
2022-03,Alberta,2016A000248,All-items,2002=100,17,units,0,v41692327,23.2,156.5,,,,1
2022-04,Alberta,2016A000248,All-items,2002=100,17,units,0,v41692327,23.2,157.0,,,,1
2022-05,Alberta,2016A000248,All-items,2002=100,17,units,0,v41692327,23.2,159.2,,,,1
2022-06,Alberta,2016A000248,All-items,2002=100,17,units,0,v41692327,23.2,161.4,,,,1
2022-07,Alberta,2016A000248,All-items,2002=100,17,units,0,v41692327,23.2,161.4,,,,1
2022-08,Alberta,2016A000248,All-items,2002=100,17,units,0,v41692327,23.2,160.0,,,,1
2022-09,Alberta,2016A000248,All-items,2002=100,17,units,0,v41692327,23.2,160.1,,,,1
2022-10,Alberta,2016A000248,All-items,2002=100,17,units,0,v41692327,23.2,161.8,,,,1
2022-11,Alberta,2016A000248,All-items,2002=100,17,units,0,v41692327,23.2,161.6,,,,1
2022-12,Alberta,2016A000248,All-items,2002=100,17,units,0,v41692327,23.2,160.8,,,,1
2023-01,Alberta,2016A000248,All-items,2002=100,17,units,0,v41692327,23.2,160.5,,,,1
2023-02,Alberta,2016A000248,All-items,2002=100,17,units,0,v41692327,23.2,160.1,,,,1
2023-03,Alberta,2016A000248,All-items,2002=100,17,units,0,v41692327,23.2,161.7,,,,1
2023-04,Alberta,2016A000248,All-items,2002=100,17,units,0,v41692327,23.2,163.7,,,,1
2023-05,Alberta,2016A000248,All-items,2002=100,17,units,0,v41692327,23.2,164.1,,,,1
2023-06,Alberta,2016A000248,All-items,2002=100,17,units,0,v41692327,23.2,164.4,,,,1
2023-07,Alberta,2016A000248,All-items,2002=100,17,units,0,v41692327,23.2,166.0,,,,1
2023-08,Alberta,2016A000248,All-items,2002=100,17,units,0,v41692327,23.2,166.8,,,,1
2023-09,Alberta,2016A000248,All-items,2002=100,17,units,0,v41692327,23.2,166.0,,,,1
2023-10,Alberta,2016A000248,All-items,2002=100,17,units,0,v41692327,23.2,165.2,,,,1
2023-11,Alberta,2016A000248,All-items,2002=100,17,units,0,v41692327,23.2,165.6,,,,1
2023-12,Alberta,2016A000248,All-items,2002=100,17,units,0,v41692327,23.2,165.6,,,,1
2024-01,Alberta,2016A000248,All-items,2002=100,17,units,0,v41692327,23.2,165.9,,,,1
2024-02,Alberta,2016A000248,All-items,2002=100,17,units,0,v41692327,23.2,166.8,,,,1
2024-03,Alberta,2016A000248,All-items,2002=100,17,units,0,v41692327,23.2,167.3,,,,1
2024-04,Alberta,2016A000248,All-items,2002=100,17,units,0,v41692327,23.2,168.6,,,,1
2024-05,Alberta,2016A000248,All-items,2002=100,17,units,0,v41692327,23.2,169.1,,,,1
2024-06,Alberta,2016A000248,All-items,2002=100,17,units,0,v41692327,23.2,169.4,,,,1
2024-07,Alberta,2016A000248,All-items,2002=100,17,units,0,v41692327,23.2,170.4,,,,1
2024-08,Alberta,2016A000248,All-items,2002=100,17,units,0,v41692327,23.2,170.2,,,,1
2024-09,Alberta,2016A000248,All-items,2002=100,17,units,0,v41692327,23.2,169.2,,,,1
2024-10,Alberta,2016A000248,All-items,2002=100,17,units,0,v41692327,23.2,170.1,,,,1
2024-11,Alberta,2016A000248,All-items,2002=100,17,units,0,v41692327,23.2,170.2,,,,1
2024-12,Alberta,2016A000248,All-items,2002=100,17,units,0,v41692327,23.2,169.7,,,,1
2025-01,Alberta,2016A000248,All-items,2002=100,17,units,0,v41692327,23.2,170.1,,,,1
2025-02,Alberta,2016A000248,All-items,2002=100,17,units,0,v41692327,23.2,171.4,,,,1
2025-03,Alberta,2016A000248,All-items,2002=100,17,units,0,v41692327,23.2,172.0,,,,1
2025-04,Alberta,2016A000248,All-items,2002=100,17,units,0,v41692327,23.2,171.1,,,,1
2025-05,Alberta,2016A000248,All-items,2002=100,17,units,0,v41692327,23.2,171.9,,,,1
2025-06,Alberta,2016A000248,All-items,2002=100,17,units,0,v41692327,23.2,172.3,,,,1
2025-07,Alberta,2016A000248,All-items,2002=100,17,units,0,v41692327,23.2,172.6,,,,1
2025-08,Alberta,2016A000248,All-items,2002=100,17,units,0,v41692327,23.2,172.6,,,,1
2025-09,Alberta,2016A000248,All-items,2002=100,17,units,0,v41692327,23.2,172.4,,,,1
2025-10,Alberta,2016A000248,All-items,2002=100,17,units,0,v41692327,23.2,173.2,,,,1
2025-11,Alberta,2016A000248,All-items,2002=100,17,units,0,v41692327,23.2,173.4,,,,1
2025-12,Alberta,2016A000248,All-items,2002=100,17,units,0,v41692327,23.2,173.3,,,,1
2026-01,Alberta,2016A000248,All-items,2002=100,17,units,0,v41692327,23.2,173.5,,,,1
2026-02,Alberta,2016A000248,All-items,2002=100,17,units,0,v41692327,23.2,174.4,,,,1
2026-03,Alberta,2016A000248,All-items,2002=100,17,units,0,v41692327,23.2,175.9,,,,1
2026-04,Alberta,2016A000248,All-items,2002=100,17,units,0,v41692327,23.2,176.6,,,,1
2026-05,Alberta,2016A000248,All-items,2002=100,17,units,0,v41692327,23.2,178.3,,,,1
2026-06,Alberta,2016A000248,All-items,2002=100,17,units,0,v41692327,23.2,178.2,,,,1
2026-07,Alberta,2016A000248,All-items,2002=100,17,units,0,v41692327,23.2,179.8,,,,1
2026-08,Alberta,2016A000248,All-items,2002=100,17,units,0,v41692327,23.2,179.2,,,,1
