metric,school_year,value_percent,source_id,printed_page
five_year_completion,2019-20,86.2,alberta_education_annual_2024_25,23
five_year_completion,2020-21,87.1,alberta_education_annual_2024_25,23
five_year_completion,2021-22,88.6,alberta_education_annual_2024_25,23
five_year_completion,2022-23,88.1,alberta_education_annual_2024_25,23
five_year_completion,2023-24,87.1,alberta_education_annual_2024_25,23
annual_dropout_age14_18,2019-20,2.6,alberta_education_annual_2024_25,24
annual_dropout_age14_18,2020-21,2.3,alberta_education_annual_2024_25,24
annual_dropout_age14_18,2021-22,2.5,alberta_education_annual_2024_25,24
annual_dropout_age14_18,2022-23,2.5,alberta_education_annual_2024_25,24
annual_dropout_age14_18,2023-24,2.4,alberta_education_annual_2024_25,24
grade9_language_arts_acceptable,2021-22,69.4,alberta_education_annual_2024_25,28
grade9_language_arts_acceptable,2022-23,71.3,alberta_education_annual_2024_25,28
grade9_language_arts_acceptable,2023-24,69.6,alberta_education_annual_2024_25,28
grade9_math_acceptable,2021-22,53.1,alberta_education_annual_2024_25,28
grade9_math_acceptable,2022-23,54.3,alberta_education_annual_2024_25,28
grade9_math_acceptable,2023-24,52.7,alberta_education_annual_2024_25,28
grade9_language_arts_participation,2021-22,82.3,alberta_education_annual_2024_25,29
grade9_language_arts_participation,2022-23,84.2,alberta_education_annual_2024_25,29
grade9_language_arts_participation,2023-24,83.3,alberta_education_annual_2024_25,29
grade9_math_participation,2021-22,83.0,alberta_education_annual_2024_25,29
grade9_math_participation,2022-23,83.9,alberta_education_annual_2024_25,29
grade9_math_participation,2023-24,84.9,alberta_education_annual_2024_25,29
