"Cube Title","Product Id","CANSIM Id",URL,"Cube Notes","Archive Status",Frequency,"Start Reference Period","End Reference Period","Total number of dimensions"
"Estimates of the components of international migration, quarterly","17100040","051-0037","https://www150.statcan.gc.ca/t1/tbl1/en/tv.action?pid=1710004001",1;9,"CURRENT - a cube available to the public and that is current","Quarterly","1946-01-01","2026-04-01","2",

"Dimension ID","Dimension name","Dimension Notes","Dimension Definitions"
"1","Geography",,""
"2","Components of population growth",,""

"Dimension ID","Member Name","Classification Code","Member ID","Parent Member ID",Terminated,"Member Notes","Member Definitions"
"1","Canada","[11124]","1","","",,
"1","Newfoundland and Labrador","[10]","2","1","",,
"1","Prince Edward Island","[11]","3","1","",,
"1","Nova Scotia","[12]","4","1","",,
"1","New Brunswick","[13]","5","1","",,
"1","Quebec","[24]","6","1","",,
"1","Ontario","[35]","7","1","",,
"1","Manitoba","[46]","8","1","",,
"1","Saskatchewan","[47]","9","1","",,
"1","Alberta","[48]","10","1","",,
"1","British Columbia","[59]","11","1","",,
"1","Yukon","[60]","12","1","",,
"1","Northwest Territories including Nunavut","","13","1","",2,
"1","Northwest Territories","[61]","14","1","",3,
"1","Nunavut","[62]","15","1","",3,
"2","Immigrants","","1","","",4,
"2","Net emigration","","6","","",12;13,
"2","Emigrants","","2","6","",5;11;13,
"2","Returning emigrants","","3","6","",6;11;13,
"2","Net temporary emigration","","4","6","",7;11;13,
"2","Net non-permanent residents","","5","","",8;10;14,
"2","Non-permanent residents, inflows","","7","5","",10;15,
"2","Non-permanent residents, outflows","","8","5","",16,

Symbol Legend
Description,Symbol
"not available for a specific reference period","..",
"less than the limit of detection","<LOD",
"value rounded to 0 (zero) where there is a meaningful distinction between true zero and the value that was rounded","0s",
"data quality: excellent","A",
"data quality: very good","B",
"data quality: good","C",
"data quality: acceptable","D",
"use with caution","E",
"too unreliable to be published","F",
"not applicable","...",
"preliminary","p",
"revised","r",
"suppressed to meet the confidentiality requirements of the Statistics Act","x",
"terminated","t",

"Survey Code","Survey Name"
"3601","Quarterly Demographic Estimates"

"Subject Code","Subject Name"
"17","Population and demography"

"Note ID",Note
1,"Estimates for the quarter: Q1 = January to March; Q2 = April to June; Q3 = July to September; Q4 = October to December."
2,"Data for Northwest Territories and Nunavut are presented separately from July 1991."
3,"Prior to July 1991, only data for Northwest Territories and Nunavut combined are available."
4,"The number of immigrants is final up to December 2025, updated from January to March 2026 and preliminary from April 2026."
5,"The number of emigrants is final up to June 2024, updated from July 2024 to March 2026 and preliminary from April 2026."
6,"The number of returning emigrants is final up to June 2024, updated from July 2024 to March 2026 and preliminary from April 2026."
7,"The number of net temporary emigrants is final up to June 2016."
8,"The net non-permanent residents is final up to June 2023, updated from July 2023 to March 2026 and preliminary from April 2026."
9,"The population growth, which is used to calculate population estimates, is comprised of natural increase (Table 17100059), international migration (Table 17100040) and interprovincial migration (Tables 17100020 and 17100045)."
10,"These estimates of the net non-permanent residents (NPRs) are derived from estimates of the number of NPRs. The NPR estimates differ from the number of asylum claimants and temporary residents provided by Immigration, Refugees and Citizenship Canada (IRCC). Care should be taken to consider the differences in methods and reference dates when comparing data from IRCC with Statistics Canada demographic estimates. The two data sources are not fully comparable."
11,"Please note that due to the methodology used for the estimates of emigrants and returning emigrants, the estimates for the most recent periods are expected to be identical or very similar."
12,"Net emigration is obtained as follows: Emigrants - Returning emigrants. For estimates from 1991 to June 2016, net emigration is obtained as follows: Emigrants + Net temporary emigration - Returning emigrants."
13,"The estimated numbers of emigrants and returning emigrants have been revised going back to July 2016. Before this date, short-term emigrants and short-term returning emigrants were included in the “net temporary emigration” component. After this date, they are included in the emigrant and returning emigrant components, using a slightly different methodology. Due to this change, the net temporary emigration component is no longer calculated from July 2016 onwards."
14,"A non-permanent resident refers to a person from another country with a usual place of residence in Canada and who has a work or study permit or who has claimed refugee status (asylum claimant, protected person or member of related groups). Family members living with work or study permit holders are also included unless these family members are already Canadian citizens, landed immigrants (permanent residents), or non-permanent residents themselves."
15,"The number of people entering Canada to work, study or claim asylum status along with their family members who are not Canadian citizens or landed immigrants (permanent residents)."
16,"The number of work and study permit holders leaving Canada, along with their family members who are not Canadian citizens or landed immigrants (permanent residents). This also includes permit holders as well as asylum claimants, protected persons and members of related groups staying in Canada who have been granted permanent resident status. In this case, these persons will be added to the immigration component. Asylum claimants, protected persons and members of related groups who have had their status revoked will be counted as an outflow."

"Correction ID","Correction Date","Correction Note"
