REF_DATE,GEO,DGUID,"Geography, province of destination",UOM,UOM_ID,SCALAR_FACTOR,SCALAR_ID,VECTOR,COORDINATE,VALUE,STATUS,SYMBOL,TERMINATED,DECIMALS
2021-01,"Newfoundland and Labrador, province of origin",2021A000210,"Alberta, province of destination",Persons,249,units,0,v32211570,1.9,407,,,,0
2021-01,"Prince Edward Island, province of origin",2021A000211,"Alberta, province of destination",Persons,249,units,0,v32211583,2.9,120,,,,0
2021-01,"Nova Scotia, province of origin",2021A000212,"Alberta, province of destination",Persons,249,units,0,v32211596,3.9,498,,,,0
2021-01,"New Brunswick, province of origin",2021A000213,"Alberta, province of destination",Persons,249,units,0,v32211609,4.9,237,,,,0
2021-01,"Quebec, province of origin",2021A000224,"Alberta, province of destination",Persons,249,units,0,v32211622,5.9,480,,,,0
2021-01,"Ontario, province of origin",2021A000235,"Alberta, province of destination",Persons,249,units,0,v32211635,6.9,3590,,,,0
2021-01,"Manitoba, province of origin",2021A000246,"Alberta, province of destination",Persons,249,units,0,v32211648,7.9,1143,,,,0
2021-01,"Saskatchewan, province of origin",2021A000247,"Alberta, province of destination",Persons,249,units,0,v32211661,8.9,2363,,,,0
2021-01,"Alberta, province of origin",2021A000248,"Newfoundland and Labrador, province of destination",Persons,249,units,0,v32211667,9.1,342,,,,0
2021-01,"Alberta, province of origin",2021A000248,"Prince Edward Island, province of destination",Persons,249,units,0,v32211668,9.2,144,,,,0
2021-01,"Alberta, province of origin",2021A000248,"Nova Scotia, province of destination",Persons,249,units,0,v32211669,9.3,842,,,,0
2021-01,"Alberta, province of origin",2021A000248,"New Brunswick, province of destination",Persons,249,units,0,v32211670,9.4,569,,,,0
2021-01,"Alberta, province of origin",2021A000248,"Quebec, province of destination",Persons,249,units,0,v32211671,9.5,590,,,,0
2021-01,"Alberta, province of origin",2021A000248,"Ontario, province of destination",Persons,249,units,0,v32211672,9.6,3645,,,,0
2021-01,"Alberta, province of origin",2021A000248,"Manitoba, province of destination",Persons,249,units,0,v32211673,9.7,715,,,,0
2021-01,"Alberta, province of origin",2021A000248,"Saskatchewan, province of destination",Persons,249,units,0,v32211674,9.8,1568,,,,0
2021-01,"Alberta, province of origin",2021A000248,"British Columbia, province of destination",Persons,249,units,0,v32211675,9.10,7074,,,,0
2021-01,"Alberta, province of origin",2021A000248,"Yukon, province of destination",Persons,249,units,0,v32211676,9.11,72,,,,0
2021-01,"Alberta, province of origin",2021A000248,"Northwest Territories, province of destination",Persons,249,units,0,v32211678,9.13,229,,,,0
2021-01,"Alberta, province of origin",2021A000248,"Nunavut, province of destination",Persons,249,units,0,v32211679,9.14,14,,,,0
2021-01,"British Columbia, province of origin",2021A000259,"Alberta, province of destination",Persons,249,units,0,v32211688,10.9,3708,,,,0
2021-01,"Yukon, province of origin",2021A000260,"Alberta, province of destination",Persons,249,units,0,v32211701,11.9,18,,,,0
2021-01,"Northwest Territories, province of origin",2021A000261,"Alberta, province of destination",Persons,249,units,0,v32211725,13.9,201,,,,0
2021-01,"Nunavut, province of origin",2021A000262,"Alberta, province of destination",Persons,249,units,0,v32211737,14.9,13,,,,0
2021-04,"Newfoundland and Labrador, province of origin",2021A000210,"Alberta, province of destination",Persons,249,units,0,v32211570,1.9,475,,,,0
2021-04,"Prince Edward Island, province of origin",2021A000211,"Alberta, province of destination",Persons,249,units,0,v32211583,2.9,64,,,,0
2021-04,"Nova Scotia, province of origin",2021A000212,"Alberta, province of destination",Persons,249,units,0,v32211596,3.9,673,,,,0
2021-04,"New Brunswick, province of origin",2021A000213,"Alberta, province of destination",Persons,249,units,0,v32211609,4.9,369,,,,0
2021-04,"Quebec, province of origin",2021A000224,"Alberta, province of destination",Persons,249,units,0,v32211622,5.9,792,,,,0
2021-04,"Ontario, province of origin",2021A000235,"Alberta, province of destination",Persons,249,units,0,v32211635,6.9,5753,,,,0
2021-04,"Manitoba, province of origin",2021A000246,"Alberta, province of destination",Persons,249,units,0,v32211648,7.9,1627,,,,0
2021-04,"Saskatchewan, province of origin",2021A000247,"Alberta, province of destination",Persons,249,units,0,v32211661,8.9,2991,,,,0
2021-04,"Alberta, province of origin",2021A000248,"Newfoundland and Labrador, province of destination",Persons,249,units,0,v32211667,9.1,697,,,,0
2021-04,"Alberta, province of origin",2021A000248,"Prince Edward Island, province of destination",Persons,249,units,0,v32211668,9.2,151,,,,0
2021-04,"Alberta, province of origin",2021A000248,"Nova Scotia, province of destination",Persons,249,units,0,v32211669,9.3,1194,,,,0
2021-04,"Alberta, province of origin",2021A000248,"New Brunswick, province of destination",Persons,249,units,0,v32211670,9.4,549,,,,0
2021-04,"Alberta, province of origin",2021A000248,"Quebec, province of destination",Persons,249,units,0,v32211671,9.5,1025,,,,0
2021-04,"Alberta, province of origin",2021A000248,"Ontario, province of destination",Persons,249,units,0,v32211672,9.6,5474,,,,0
2021-04,"Alberta, province of origin",2021A000248,"Manitoba, province of destination",Persons,249,units,0,v32211673,9.7,902,,,,0
2021-04,"Alberta, province of origin",2021A000248,"Saskatchewan, province of destination",Persons,249,units,0,v32211674,9.8,2066,,,,0
2021-04,"Alberta, province of origin",2021A000248,"British Columbia, province of destination",Persons,249,units,0,v32211675,9.10,11735,,,,0
2021-04,"Alberta, province of origin",2021A000248,"Yukon, province of destination",Persons,249,units,0,v32211676,9.11,124,,,,0
2021-04,"Alberta, province of origin",2021A000248,"Northwest Territories, province of destination",Persons,249,units,0,v32211678,9.13,165,,,,0
2021-04,"Alberta, province of origin",2021A000248,"Nunavut, province of destination",Persons,249,units,0,v32211679,9.14,56,,,,0
2021-04,"British Columbia, province of origin",2021A000259,"Alberta, province of destination",Persons,249,units,0,v32211688,10.9,6656,,,,0
2021-04,"Yukon, province of origin",2021A000260,"Alberta, province of destination",Persons,249,units,0,v32211701,11.9,80,,,,0
2021-04,"Northwest Territories, province of origin",2021A000261,"Alberta, province of destination",Persons,249,units,0,v32211725,13.9,253,,,,0
2021-04,"Nunavut, province of origin",2021A000262,"Alberta, province of destination",Persons,249,units,0,v32211737,14.9,36,,,,0
2021-07,"Newfoundland and Labrador, province of origin",2021A000210,"Alberta, province of destination",Persons,249,units,0,v32211570,1.9,432,,,,0
2021-07,"Prince Edward Island, province of origin",2021A000211,"Alberta, province of destination",Persons,249,units,0,v32211583,2.9,129,,,,0
2021-07,"Nova Scotia, province of origin",2021A000212,"Alberta, province of destination",Persons,249,units,0,v32211596,3.9,625,,,,0
2021-07,"New Brunswick, province of origin",2021A000213,"Alberta, province of destination",Persons,249,units,0,v32211609,4.9,362,,,,0
2021-07,"Quebec, province of origin",2021A000224,"Alberta, province of destination",Persons,249,units,0,v32211622,5.9,999,,,,0
2021-07,"Ontario, province of origin",2021A000235,"Alberta, province of destination",Persons,249,units,0,v32211635,6.9,5463,,,,0
2021-07,"Manitoba, province of origin",2021A000246,"Alberta, province of destination",Persons,249,units,0,v32211648,7.9,1747,,,,0
2021-07,"Saskatchewan, province of origin",2021A000247,"Alberta, province of destination",Persons,249,units,0,v32211661,8.9,3080,,,,0
2021-07,"Alberta, province of origin",2021A000248,"Newfoundland and Labrador, province of destination",Persons,249,units,0,v32211667,9.1,275,,,,0
2021-07,"Alberta, province of origin",2021A000248,"Prince Edward Island, province of destination",Persons,249,units,0,v32211668,9.2,149,,,,0
2021-07,"Alberta, province of origin",2021A000248,"Nova Scotia, province of destination",Persons,249,units,0,v32211669,9.3,799,,,,0
2021-07,"Alberta, province of origin",2021A000248,"New Brunswick, province of destination",Persons,249,units,0,v32211670,9.4,576,,,,0
2021-07,"Alberta, province of origin",2021A000248,"Quebec, province of destination",Persons,249,units,0,v32211671,9.5,1001,,,,0
2021-07,"Alberta, province of origin",2021A000248,"Ontario, province of destination",Persons,249,units,0,v32211672,9.6,4666,,,,0
2021-07,"Alberta, province of origin",2021A000248,"Manitoba, province of destination",Persons,249,units,0,v32211673,9.7,643,,,,0
2021-07,"Alberta, province of origin",2021A000248,"Saskatchewan, province of destination",Persons,249,units,0,v32211674,9.8,1388,,,,0
2021-07,"Alberta, province of origin",2021A000248,"British Columbia, province of destination",Persons,249,units,0,v32211675,9.10,8544,,,,0
2021-07,"Alberta, province of origin",2021A000248,"Yukon, province of destination",Persons,249,units,0,v32211676,9.11,60,,,,0
2021-07,"Alberta, province of origin",2021A000248,"Northwest Territories, province of destination",Persons,249,units,0,v32211678,9.13,162,,,,0
2021-07,"Alberta, province of origin",2021A000248,"Nunavut, province of destination",Persons,249,units,0,v32211679,9.14,20,,,,0
2021-07,"British Columbia, province of origin",2021A000259,"Alberta, province of destination",Persons,249,units,0,v32211688,10.9,5397,,,,0
2021-07,"Yukon, province of origin",2021A000260,"Alberta, province of destination",Persons,249,units,0,v32211701,11.9,47,,,,0
2021-07,"Northwest Territories, province of origin",2021A000261,"Alberta, province of destination",Persons,249,units,0,v32211725,13.9,227,,,,0
2021-07,"Nunavut, province of origin",2021A000262,"Alberta, province of destination",Persons,249,units,0,v32211737,14.9,21,,,,0
2021-10,"Newfoundland and Labrador, province of origin",2021A000210,"Alberta, province of destination",Persons,249,units,0,v32211570,1.9,187,,,,0
2021-10,"Prince Edward Island, province of origin",2021A000211,"Alberta, province of destination",Persons,249,units,0,v32211583,2.9,79,,,,0
2021-10,"Nova Scotia, province of origin",2021A000212,"Alberta, province of destination",Persons,249,units,0,v32211596,3.9,365,,,,0
2021-10,"New Brunswick, province of origin",2021A000213,"Alberta, province of destination",Persons,249,units,0,v32211609,4.9,304,,,,0
2021-10,"Quebec, province of origin",2021A000224,"Alberta, province of destination",Persons,249,units,0,v32211622,5.9,435,,,,0
2021-10,"Ontario, province of origin",2021A000235,"Alberta, province of destination",Persons,249,units,0,v32211635,6.9,3984,,,,0
2021-10,"Manitoba, province of origin",2021A000246,"Alberta, province of destination",Persons,249,units,0,v32211648,7.9,968,,,,0
2021-10,"Saskatchewan, province of origin",2021A000247,"Alberta, province of destination",Persons,249,units,0,v32211661,8.9,1767,,,,0
2021-10,"Alberta, province of origin",2021A000248,"Newfoundland and Labrador, province of destination",Persons,249,units,0,v32211667,9.1,249,,,,0
2021-10,"Alberta, province of origin",2021A000248,"Prince Edward Island, province of destination",Persons,249,units,0,v32211668,9.2,115,,,,0
2021-10,"Alberta, province of origin",2021A000248,"Nova Scotia, province of destination",Persons,249,units,0,v32211669,9.3,535,,,,0
2021-10,"Alberta, province of origin",2021A000248,"New Brunswick, province of destination",Persons,249,units,0,v32211670,9.4,422,,,,0
2021-10,"Alberta, province of origin",2021A000248,"Quebec, province of destination",Persons,249,units,0,v32211671,9.5,420,,,,0
2021-10,"Alberta, province of origin",2021A000248,"Ontario, province of destination",Persons,249,units,0,v32211672,9.6,2730,,,,0
2021-10,"Alberta, province of origin",2021A000248,"Manitoba, province of destination",Persons,249,units,0,v32211673,9.7,316,,,,0
2021-10,"Alberta, province of origin",2021A000248,"Saskatchewan, province of destination",Persons,249,units,0,v32211674,9.8,1148,,,,0
2021-10,"Alberta, province of origin",2021A000248,"British Columbia, province of destination",Persons,249,units,0,v32211675,9.10,5278,,,,0
2021-10,"Alberta, province of origin",2021A000248,"Yukon, province of destination",Persons,249,units,0,v32211676,9.11,47,,,,0
2021-10,"Alberta, province of origin",2021A000248,"Northwest Territories, province of destination",Persons,249,units,0,v32211678,9.13,124,,,,0
2021-10,"Alberta, province of origin",2021A000248,"Nunavut, province of destination",Persons,249,units,0,v32211679,9.14,17,,,,0
2021-10,"British Columbia, province of origin",2021A000259,"Alberta, province of destination",Persons,249,units,0,v32211688,10.9,3826,,,,0
2021-10,"Yukon, province of origin",2021A000260,"Alberta, province of destination",Persons,249,units,0,v32211701,11.9,77,,,,0
2021-10,"Northwest Territories, province of origin",2021A000261,"Alberta, province of destination",Persons,249,units,0,v32211725,13.9,135,,,,0
2021-10,"Nunavut, province of origin",2021A000262,"Alberta, province of destination",Persons,249,units,0,v32211737,14.9,22,,,,0
2022-01,"Newfoundland and Labrador, province of origin",2021A000210,"Alberta, province of destination",Persons,249,units,0,v32211570,1.9,536,,,,0
2022-01,"Prince Edward Island, province of origin",2021A000211,"Alberta, province of destination",Persons,249,units,0,v32211583,2.9,71,,,,0
2022-01,"Nova Scotia, province of origin",2021A000212,"Alberta, province of destination",Persons,249,units,0,v32211596,3.9,395,,,,0
2022-01,"New Brunswick, province of origin",2021A000213,"Alberta, province of destination",Persons,249,units,0,v32211609,4.9,392,,,,0
2022-01,"Quebec, province of origin",2021A000224,"Alberta, province of destination",Persons,249,units,0,v32211622,5.9,640,,,,0
2022-01,"Ontario, province of origin",2021A000235,"Alberta, province of destination",Persons,249,units,0,v32211635,6.9,5832,,,,0
2022-01,"Manitoba, province of origin",2021A000246,"Alberta, province of destination",Persons,249,units,0,v32211648,7.9,1610,,,,0
2022-01,"Saskatchewan, province of origin",2021A000247,"Alberta, province of destination",Persons,249,units,0,v32211661,8.9,2852,,,,0
2022-01,"Alberta, province of origin",2021A000248,"Newfoundland and Labrador, province of destination",Persons,249,units,0,v32211667,9.1,553,,,,0
2022-01,"Alberta, province of origin",2021A000248,"Prince Edward Island, province of destination",Persons,249,units,0,v32211668,9.2,165,,,,0
2022-01,"Alberta, province of origin",2021A000248,"Nova Scotia, province of destination",Persons,249,units,0,v32211669,9.3,846,,,,0
2022-01,"Alberta, province of origin",2021A000248,"New Brunswick, province of destination",Persons,249,units,0,v32211670,9.4,424,,,,0
2022-01,"Alberta, province of origin",2021A000248,"Quebec, province of destination",Persons,249,units,0,v32211671,9.5,585,,,,0
2022-01,"Alberta, province of origin",2021A000248,"Ontario, province of destination",Persons,249,units,0,v32211672,9.6,4269,,,,0
2022-01,"Alberta, province of origin",2021A000248,"Manitoba, province of destination",Persons,249,units,0,v32211673,9.7,621,,,,0
2022-01,"Alberta, province of origin",2021A000248,"Saskatchewan, province of destination",Persons,249,units,0,v32211674,9.8,1794,,,,0
2022-01,"Alberta, province of origin",2021A000248,"British Columbia, province of destination",Persons,249,units,0,v32211675,9.10,7816,,,,0
2022-01,"Alberta, province of origin",2021A000248,"Yukon, province of destination",Persons,249,units,0,v32211676,9.11,126,,,,0
2022-01,"Alberta, province of origin",2021A000248,"Northwest Territories, province of destination",Persons,249,units,0,v32211678,9.13,224,,,,0
2022-01,"Alberta, province of origin",2021A000248,"Nunavut, province of destination",Persons,249,units,0,v32211679,9.14,32,,,,0
2022-01,"British Columbia, province of origin",2021A000259,"Alberta, province of destination",Persons,249,units,0,v32211688,10.9,6021,,,,0
2022-01,"Yukon, province of origin",2021A000260,"Alberta, province of destination",Persons,249,units,0,v32211701,11.9,53,,,,0
2022-01,"Northwest Territories, province of origin",2021A000261,"Alberta, province of destination",Persons,249,units,0,v32211725,13.9,322,,,,0
2022-01,"Nunavut, province of origin",2021A000262,"Alberta, province of destination",Persons,249,units,0,v32211737,14.9,31,,,,0
2022-04,"Newfoundland and Labrador, province of origin",2021A000210,"Alberta, province of destination",Persons,249,units,0,v32211570,1.9,711,,,,0
2022-04,"Prince Edward Island, province of origin",2021A000211,"Alberta, province of destination",Persons,249,units,0,v32211583,2.9,192,,,,0
2022-04,"Nova Scotia, province of origin",2021A000212,"Alberta, province of destination",Persons,249,units,0,v32211596,3.9,1008,,,,0
2022-04,"New Brunswick, province of origin",2021A000213,"Alberta, province of destination",Persons,249,units,0,v32211609,4.9,590,,,,0
2022-04,"Quebec, province of origin",2021A000224,"Alberta, province of destination",Persons,249,units,0,v32211622,5.9,1288,,,,0
2022-04,"Ontario, province of origin",2021A000235,"Alberta, province of destination",Persons,249,units,0,v32211635,6.9,10302,,,,0
2022-04,"Manitoba, province of origin",2021A000246,"Alberta, province of destination",Persons,249,units,0,v32211648,7.9,2119,,,,0
2022-04,"Saskatchewan, province of origin",2021A000247,"Alberta, province of destination",Persons,249,units,0,v32211661,8.9,3762,,,,0
2022-04,"Alberta, province of origin",2021A000248,"Newfoundland and Labrador, province of destination",Persons,249,units,0,v32211667,9.1,830,,,,0
2022-04,"Alberta, province of origin",2021A000248,"Prince Edward Island, province of destination",Persons,249,units,0,v32211668,9.2,168,,,,0
2022-04,"Alberta, province of origin",2021A000248,"Nova Scotia, province of destination",Persons,249,units,0,v32211669,9.3,1423,,,,0
2022-04,"Alberta, province of origin",2021A000248,"New Brunswick, province of destination",Persons,249,units,0,v32211670,9.4,766,,,,0
2022-04,"Alberta, province of origin",2021A000248,"Quebec, province of destination",Persons,249,units,0,v32211671,9.5,1132,,,,0
2022-04,"Alberta, province of origin",2021A000248,"Ontario, province of destination",Persons,249,units,0,v32211672,9.6,6851,,,,0
2022-04,"Alberta, province of origin",2021A000248,"Manitoba, province of destination",Persons,249,units,0,v32211673,9.7,1135,,,,0
2022-04,"Alberta, province of origin",2021A000248,"Saskatchewan, province of destination",Persons,249,units,0,v32211674,9.8,2570,,,,0
2022-04,"Alberta, province of origin",2021A000248,"British Columbia, province of destination",Persons,249,units,0,v32211675,9.10,13477,,,,0
2022-04,"Alberta, province of origin",2021A000248,"Yukon, province of destination",Persons,249,units,0,v32211676,9.11,140,,,,0
2022-04,"Alberta, province of origin",2021A000248,"Northwest Territories, province of destination",Persons,249,units,0,v32211678,9.13,201,,,,0
2022-04,"Alberta, province of origin",2021A000248,"Nunavut, province of destination",Persons,249,units,0,v32211679,9.14,45,,,,0
2022-04,"British Columbia, province of origin",2021A000259,"Alberta, province of destination",Persons,249,units,0,v32211688,10.9,11570,,,,0
2022-04,"Yukon, province of origin",2021A000260,"Alberta, province of destination",Persons,249,units,0,v32211701,11.9,166,,,,0
2022-04,"Northwest Territories, province of origin",2021A000261,"Alberta, province of destination",Persons,249,units,0,v32211725,13.9,350,,,,0
2022-04,"Nunavut, province of origin",2021A000262,"Alberta, province of destination",Persons,249,units,0,v32211737,14.9,32,,,,0
2022-07,"Newfoundland and Labrador, province of origin",2021A000210,"Alberta, province of destination",Persons,249,units,0,v32211570,1.9,568,,,,0
2022-07,"Prince Edward Island, province of origin",2021A000211,"Alberta, province of destination",Persons,249,units,0,v32211583,2.9,208,,,,0
2022-07,"Nova Scotia, province of origin",2021A000212,"Alberta, province of destination",Persons,249,units,0,v32211596,3.9,982,,,,0
2022-07,"New Brunswick, province of origin",2021A000213,"Alberta, province of destination",Persons,249,units,0,v32211609,4.9,567,,,,0
2022-07,"Quebec, province of origin",2021A000224,"Alberta, province of destination",Persons,249,units,0,v32211622,5.9,1545,,,,0
2022-07,"Ontario, province of origin",2021A000235,"Alberta, province of destination",Persons,249,units,0,v32211635,6.9,9524,,,,0
2022-07,"Manitoba, province of origin",2021A000246,"Alberta, province of destination",Persons,249,units,0,v32211648,7.9,2108,,,,0
2022-07,"Saskatchewan, province of origin",2021A000247,"Alberta, province of destination",Persons,249,units,0,v32211661,8.9,2421,,,,0
2022-07,"Alberta, province of origin",2021A000248,"Newfoundland and Labrador, province of destination",Persons,249,units,0,v32211667,9.1,364,,,,0
2022-07,"Alberta, province of origin",2021A000248,"Prince Edward Island, province of destination",Persons,249,units,0,v32211668,9.2,87,,,,0
2022-07,"Alberta, province of origin",2021A000248,"Nova Scotia, province of destination",Persons,249,units,0,v32211669,9.3,709,,,,0
2022-07,"Alberta, province of origin",2021A000248,"New Brunswick, province of destination",Persons,249,units,0,v32211670,9.4,430,,,,0
2022-07,"Alberta, province of origin",2021A000248,"Quebec, province of destination",Persons,249,units,0,v32211671,9.5,982,,,,0
2022-07,"Alberta, province of origin",2021A000248,"Ontario, province of destination",Persons,249,units,0,v32211672,9.6,3979,,,,0
2022-07,"Alberta, province of origin",2021A000248,"Manitoba, province of destination",Persons,249,units,0,v32211673,9.7,705,,,,0
2022-07,"Alberta, province of origin",2021A000248,"Saskatchewan, province of destination",Persons,249,units,0,v32211674,9.8,1489,,,,0
2022-07,"Alberta, province of origin",2021A000248,"British Columbia, province of destination",Persons,249,units,0,v32211675,9.10,5473,,,,0
2022-07,"Alberta, province of origin",2021A000248,"Yukon, province of destination",Persons,249,units,0,v32211676,9.11,68,,,,0
2022-07,"Alberta, province of origin",2021A000248,"Northwest Territories, province of destination",Persons,249,units,0,v32211678,9.13,75,,,,0
2022-07,"Alberta, province of origin",2021A000248,"Nunavut, province of destination",Persons,249,units,0,v32211679,9.14,13,,,,0
2022-07,"British Columbia, province of origin",2021A000259,"Alberta, province of destination",Persons,249,units,0,v32211688,10.9,9299,,,,0
2022-07,"Yukon, province of origin",2021A000260,"Alberta, province of destination",Persons,249,units,0,v32211701,11.9,116,,,,0
2022-07,"Northwest Territories, province of origin",2021A000261,"Alberta, province of destination",Persons,249,units,0,v32211725,13.9,154,,,,0
2022-07,"Nunavut, province of origin",2021A000262,"Alberta, province of destination",Persons,249,units,0,v32211737,14.9,42,,,,0
2022-10,"Newfoundland and Labrador, province of origin",2021A000210,"Alberta, province of destination",Persons,249,units,0,v32211570,1.9,323,,,,0
2022-10,"Prince Edward Island, province of origin",2021A000211,"Alberta, province of destination",Persons,249,units,0,v32211583,2.9,115,,,,0
2022-10,"Nova Scotia, province of origin",2021A000212,"Alberta, province of destination",Persons,249,units,0,v32211596,3.9,527,,,,0
2022-10,"New Brunswick, province of origin",2021A000213,"Alberta, province of destination",Persons,249,units,0,v32211609,4.9,333,,,,0
2022-10,"Quebec, province of origin",2021A000224,"Alberta, province of destination",Persons,249,units,0,v32211622,5.9,1013,,,,0
2022-10,"Ontario, province of origin",2021A000235,"Alberta, province of destination",Persons,249,units,0,v32211635,6.9,5608,,,,0
2022-10,"Manitoba, province of origin",2021A000246,"Alberta, province of destination",Persons,249,units,0,v32211648,7.9,1321,,,,0
2022-10,"Saskatchewan, province of origin",2021A000247,"Alberta, province of destination",Persons,249,units,0,v32211661,8.9,1702,,,,0
2022-10,"Alberta, province of origin",2021A000248,"Newfoundland and Labrador, province of destination",Persons,249,units,0,v32211667,9.1,293,,,,0
2022-10,"Alberta, province of origin",2021A000248,"Prince Edward Island, province of destination",Persons,249,units,0,v32211668,9.2,101,,,,0
2022-10,"Alberta, province of origin",2021A000248,"Nova Scotia, province of destination",Persons,249,units,0,v32211669,9.3,409,,,,0
2022-10,"Alberta, province of origin",2021A000248,"New Brunswick, province of destination",Persons,249,units,0,v32211670,9.4,189,,,,0
2022-10,"Alberta, province of origin",2021A000248,"Quebec, province of destination",Persons,249,units,0,v32211671,9.5,432,,,,0
2022-10,"Alberta, province of origin",2021A000248,"Ontario, province of destination",Persons,249,units,0,v32211672,9.6,2632,,,,0
2022-10,"Alberta, province of origin",2021A000248,"Manitoba, province of destination",Persons,249,units,0,v32211673,9.7,461,,,,0
2022-10,"Alberta, province of origin",2021A000248,"Saskatchewan, province of destination",Persons,249,units,0,v32211674,9.8,951,,,,0
2022-10,"Alberta, province of origin",2021A000248,"British Columbia, province of destination",Persons,249,units,0,v32211675,9.10,3893,,,,0
2022-10,"Alberta, province of origin",2021A000248,"Yukon, province of destination",Persons,249,units,0,v32211676,9.11,46,,,,0
2022-10,"Alberta, province of origin",2021A000248,"Northwest Territories, province of destination",Persons,249,units,0,v32211678,9.13,81,,,,0
2022-10,"Alberta, province of origin",2021A000248,"Nunavut, province of destination",Persons,249,units,0,v32211679,9.14,36,,,,0
2022-10,"British Columbia, province of origin",2021A000259,"Alberta, province of destination",Persons,249,units,0,v32211688,10.9,6078,,,,0
2022-10,"Yukon, province of origin",2021A000260,"Alberta, province of destination",Persons,249,units,0,v32211701,11.9,70,,,,0
2022-10,"Northwest Territories, province of origin",2021A000261,"Alberta, province of destination",Persons,249,units,0,v32211725,13.9,201,,,,0
2022-10,"Nunavut, province of origin",2021A000262,"Alberta, province of destination",Persons,249,units,0,v32211737,14.9,8,,,,0
2023-01,"Newfoundland and Labrador, province of origin",2021A000210,"Alberta, province of destination",Persons,249,units,0,v32211570,1.9,673,,,,0
2023-01,"Prince Edward Island, province of origin",2021A000211,"Alberta, province of destination",Persons,249,units,0,v32211583,2.9,178,,,,0
2023-01,"Nova Scotia, province of origin",2021A000212,"Alberta, province of destination",Persons,249,units,0,v32211596,3.9,733,,,,0
2023-01,"New Brunswick, province of origin",2021A000213,"Alberta, province of destination",Persons,249,units,0,v32211609,4.9,562,,,,0
2023-01,"Quebec, province of origin",2021A000224,"Alberta, province of destination",Persons,249,units,0,v32211622,5.9,868,,,,0
2023-01,"Ontario, province of origin",2021A000235,"Alberta, province of destination",Persons,249,units,0,v32211635,6.9,8928,,,,0
2023-01,"Manitoba, province of origin",2021A000246,"Alberta, province of destination",Persons,249,units,0,v32211648,7.9,1891,,,,0
2023-01,"Saskatchewan, province of origin",2021A000247,"Alberta, province of destination",Persons,249,units,0,v32211661,8.9,3010,,,,0
2023-01,"Alberta, province of origin",2021A000248,"Newfoundland and Labrador, province of destination",Persons,249,units,0,v32211667,9.1,506,,,,0
2023-01,"Alberta, province of origin",2021A000248,"Prince Edward Island, province of destination",Persons,249,units,0,v32211668,9.2,94,,,,0
2023-01,"Alberta, province of origin",2021A000248,"Nova Scotia, province of destination",Persons,249,units,0,v32211669,9.3,657,,,,0
2023-01,"Alberta, province of origin",2021A000248,"New Brunswick, province of destination",Persons,249,units,0,v32211670,9.4,438,,,,0
2023-01,"Alberta, province of origin",2021A000248,"Quebec, province of destination",Persons,249,units,0,v32211671,9.5,562,,,,0
2023-01,"Alberta, province of origin",2021A000248,"Ontario, province of destination",Persons,249,units,0,v32211672,9.6,4220,,,,0
2023-01,"Alberta, province of origin",2021A000248,"Manitoba, province of destination",Persons,249,units,0,v32211673,9.7,730,,,,0
2023-01,"Alberta, province of origin",2021A000248,"Saskatchewan, province of destination",Persons,249,units,0,v32211674,9.8,1541,,,,0
2023-01,"Alberta, province of origin",2021A000248,"British Columbia, province of destination",Persons,249,units,0,v32211675,9.10,7156,,,,0
2023-01,"Alberta, province of origin",2021A000248,"Yukon, province of destination",Persons,249,units,0,v32211676,9.11,76,,,,0
2023-01,"Alberta, province of origin",2021A000248,"Northwest Territories, province of destination",Persons,249,units,0,v32211678,9.13,237,,,,0
2023-01,"Alberta, province of origin",2021A000248,"Nunavut, province of destination",Persons,249,units,0,v32211679,9.14,31,,,,0
2023-01,"British Columbia, province of origin",2021A000259,"Alberta, province of destination",Persons,249,units,0,v32211688,10.9,8501,,,,0
2023-01,"Yukon, province of origin",2021A000260,"Alberta, province of destination",Persons,249,units,0,v32211701,11.9,164,,,,0
2023-01,"Northwest Territories, province of origin",2021A000261,"Alberta, province of destination",Persons,249,units,0,v32211725,13.9,485,,,,0
2023-01,"Nunavut, province of origin",2021A000262,"Alberta, province of destination",Persons,249,units,0,v32211737,14.9,27,,,,0
2023-04,"Newfoundland and Labrador, province of origin",2021A000210,"Alberta, province of destination",Persons,249,units,0,v32211570,1.9,455,,,,0
2023-04,"Prince Edward Island, province of origin",2021A000211,"Alberta, province of destination",Persons,249,units,0,v32211583,2.9,185,,,,0
2023-04,"Nova Scotia, province of origin",2021A000212,"Alberta, province of destination",Persons,249,units,0,v32211596,3.9,887,,,,0
2023-04,"New Brunswick, province of origin",2021A000213,"Alberta, province of destination",Persons,249,units,0,v32211609,4.9,493,,,,0
2023-04,"Quebec, province of origin",2021A000224,"Alberta, province of destination",Persons,249,units,0,v32211622,5.9,1142,,,,0
2023-04,"Ontario, province of origin",2021A000235,"Alberta, province of destination",Persons,249,units,0,v32211635,6.9,10213,,,,0
2023-04,"Manitoba, province of origin",2021A000246,"Alberta, province of destination",Persons,249,units,0,v32211648,7.9,2305,,,,0
2023-04,"Saskatchewan, province of origin",2021A000247,"Alberta, province of destination",Persons,249,units,0,v32211661,8.9,3507,,,,0
2023-04,"Alberta, province of origin",2021A000248,"Newfoundland and Labrador, province of destination",Persons,249,units,0,v32211667,9.1,535,,,,0
2023-04,"Alberta, province of origin",2021A000248,"Prince Edward Island, province of destination",Persons,249,units,0,v32211668,9.2,129,,,,0
2023-04,"Alberta, province of origin",2021A000248,"Nova Scotia, province of destination",Persons,249,units,0,v32211669,9.3,907,,,,0
2023-04,"Alberta, province of origin",2021A000248,"New Brunswick, province of destination",Persons,249,units,0,v32211670,9.4,482,,,,0
2023-04,"Alberta, province of origin",2021A000248,"Quebec, province of destination",Persons,249,units,0,v32211671,9.5,838,,,,0
2023-04,"Alberta, province of origin",2021A000248,"Ontario, province of destination",Persons,249,units,0,v32211672,9.6,5573,,,,0
2023-04,"Alberta, province of origin",2021A000248,"Manitoba, province of destination",Persons,249,units,0,v32211673,9.7,613,,,,0
2023-04,"Alberta, province of origin",2021A000248,"Saskatchewan, province of destination",Persons,249,units,0,v32211674,9.8,2223,,,,0
2023-04,"Alberta, province of origin",2021A000248,"British Columbia, province of destination",Persons,249,units,0,v32211675,9.10,9546,,,,0
2023-04,"Alberta, province of origin",2021A000248,"Yukon, province of destination",Persons,249,units,0,v32211676,9.11,153,,,,0
2023-04,"Alberta, province of origin",2021A000248,"Northwest Territories, province of destination",Persons,249,units,0,v32211678,9.13,172,,,,0
2023-04,"Alberta, province of origin",2021A000248,"Nunavut, province of destination",Persons,249,units,0,v32211679,9.14,28,,,,0
2023-04,"British Columbia, province of origin",2021A000259,"Alberta, province of destination",Persons,249,units,0,v32211688,10.9,10351,,,,0
2023-04,"Yukon, province of origin",2021A000260,"Alberta, province of destination",Persons,249,units,0,v32211701,11.9,98,,,,0
2023-04,"Northwest Territories, province of origin",2021A000261,"Alberta, province of destination",Persons,249,units,0,v32211725,13.9,222,,,,0
2023-04,"Nunavut, province of origin",2021A000262,"Alberta, province of destination",Persons,249,units,0,v32211737,14.9,42,,,,0
2023-07,"Newfoundland and Labrador, province of origin",2021A000210,"Alberta, province of destination",Persons,249,units,0,v32211570,1.9,557,,,,0
2023-07,"Prince Edward Island, province of origin",2021A000211,"Alberta, province of destination",Persons,249,units,0,v32211583,2.9,282,,,,0
2023-07,"Nova Scotia, province of origin",2021A000212,"Alberta, province of destination",Persons,249,units,0,v32211596,3.9,808,,,,0
2023-07,"New Brunswick, province of origin",2021A000213,"Alberta, province of destination",Persons,249,units,0,v32211609,4.9,697,,,,0
2023-07,"Quebec, province of origin",2021A000224,"Alberta, province of destination",Persons,249,units,0,v32211622,5.9,1815,,,,0
2023-07,"Ontario, province of origin",2021A000235,"Alberta, province of destination",Persons,249,units,0,v32211635,6.9,10489,,,,0
2023-07,"Manitoba, province of origin",2021A000246,"Alberta, province of destination",Persons,249,units,0,v32211648,7.9,2125,,,,0
2023-07,"Saskatchewan, province of origin",2021A000247,"Alberta, province of destination",Persons,249,units,0,v32211661,8.9,2805,,,,0
2023-07,"Alberta, province of origin",2021A000248,"Newfoundland and Labrador, province of destination",Persons,249,units,0,v32211667,9.1,408,,,,0
2023-07,"Alberta, province of origin",2021A000248,"Prince Edward Island, province of destination",Persons,249,units,0,v32211668,9.2,110,,,,0
2023-07,"Alberta, province of origin",2021A000248,"Nova Scotia, province of destination",Persons,249,units,0,v32211669,9.3,613,,,,0
2023-07,"Alberta, province of origin",2021A000248,"New Brunswick, province of destination",Persons,249,units,0,v32211670,9.4,355,,,,0
2023-07,"Alberta, province of origin",2021A000248,"Quebec, province of destination",Persons,249,units,0,v32211671,9.5,759,,,,0
2023-07,"Alberta, province of origin",2021A000248,"Ontario, province of destination",Persons,249,units,0,v32211672,9.6,3622,,,,0
2023-07,"Alberta, province of origin",2021A000248,"Manitoba, province of destination",Persons,249,units,0,v32211673,9.7,583,,,,0
2023-07,"Alberta, province of origin",2021A000248,"Saskatchewan, province of destination",Persons,249,units,0,v32211674,9.8,1238,,,,0
2023-07,"Alberta, province of origin",2021A000248,"British Columbia, province of destination",Persons,249,units,0,v32211675,9.10,4632,,,,0
2023-07,"Alberta, province of origin",2021A000248,"Yukon, province of destination",Persons,249,units,0,v32211676,9.11,41,,,,0
2023-07,"Alberta, province of origin",2021A000248,"Northwest Territories, province of destination",Persons,249,units,0,v32211678,9.13,69,,,,0
2023-07,"Alberta, province of origin",2021A000248,"Nunavut, province of destination",Persons,249,units,0,v32211679,9.14,10,,,,0
2023-07,"British Columbia, province of origin",2021A000259,"Alberta, province of destination",Persons,249,units,0,v32211688,10.9,9058,,,,0
2023-07,"Yukon, province of origin",2021A000260,"Alberta, province of destination",Persons,249,units,0,v32211701,11.9,71,,,,0
2023-07,"Northwest Territories, province of origin",2021A000261,"Alberta, province of destination",Persons,249,units,0,v32211725,13.9,225,,,,0
2023-07,"Nunavut, province of origin",2021A000262,"Alberta, province of destination",Persons,249,units,0,v32211737,14.9,22,,,,0
2023-10,"Newfoundland and Labrador, province of origin",2021A000210,"Alberta, province of destination",Persons,249,units,0,v32211570,1.9,364,,,,0
2023-10,"Prince Edward Island, province of origin",2021A000211,"Alberta, province of destination",Persons,249,units,0,v32211583,2.9,70,,,,0
2023-10,"Nova Scotia, province of origin",2021A000212,"Alberta, province of destination",Persons,249,units,0,v32211596,3.9,492,,,,0
2023-10,"New Brunswick, province of origin",2021A000213,"Alberta, province of destination",Persons,249,units,0,v32211609,4.9,376,,,,0
2023-10,"Quebec, province of origin",2021A000224,"Alberta, province of destination",Persons,249,units,0,v32211622,5.9,652,,,,0
2023-10,"Ontario, province of origin",2021A000235,"Alberta, province of destination",Persons,249,units,0,v32211635,6.9,6493,,,,0
2023-10,"Manitoba, province of origin",2021A000246,"Alberta, province of destination",Persons,249,units,0,v32211648,7.9,1483,,,,0
2023-10,"Saskatchewan, province of origin",2021A000247,"Alberta, province of destination",Persons,249,units,0,v32211661,8.9,1554,,,,0
2023-10,"Alberta, province of origin",2021A000248,"Newfoundland and Labrador, province of destination",Persons,249,units,0,v32211667,9.1,202,,,,0
2023-10,"Alberta, province of origin",2021A000248,"Prince Edward Island, province of destination",Persons,249,units,0,v32211668,9.2,53,,,,0
2023-10,"Alberta, province of origin",2021A000248,"Nova Scotia, province of destination",Persons,249,units,0,v32211669,9.3,260,,,,0
2023-10,"Alberta, province of origin",2021A000248,"New Brunswick, province of destination",Persons,249,units,0,v32211670,9.4,141,,,,0
2023-10,"Alberta, province of origin",2021A000248,"Quebec, province of destination",Persons,249,units,0,v32211671,9.5,457,,,,0
2023-10,"Alberta, province of origin",2021A000248,"Ontario, province of destination",Persons,249,units,0,v32211672,9.6,2397,,,,0
2023-10,"Alberta, province of origin",2021A000248,"Manitoba, province of destination",Persons,249,units,0,v32211673,9.7,293,,,,0
2023-10,"Alberta, province of origin",2021A000248,"Saskatchewan, province of destination",Persons,249,units,0,v32211674,9.8,772,,,,0
2023-10,"Alberta, province of origin",2021A000248,"British Columbia, province of destination",Persons,249,units,0,v32211675,9.10,3230,,,,0
2023-10,"Alberta, province of origin",2021A000248,"Yukon, province of destination",Persons,249,units,0,v32211676,9.11,34,,,,0
2023-10,"Alberta, province of origin",2021A000248,"Northwest Territories, province of destination",Persons,249,units,0,v32211678,9.13,60,,,,0
2023-10,"Alberta, province of origin",2021A000248,"Nunavut, province of destination",Persons,249,units,0,v32211679,9.14,6,,,,0
2023-10,"British Columbia, province of origin",2021A000259,"Alberta, province of destination",Persons,249,units,0,v32211688,10.9,5585,,,,0
2023-10,"Yukon, province of origin",2021A000260,"Alberta, province of destination",Persons,249,units,0,v32211701,11.9,60,,,,0
2023-10,"Northwest Territories, province of origin",2021A000261,"Alberta, province of destination",Persons,249,units,0,v32211725,13.9,136,,,,0
2023-10,"Nunavut, province of origin",2021A000262,"Alberta, province of destination",Persons,249,units,0,v32211737,14.9,16,,,,0
2024-01,"Newfoundland and Labrador, province of origin",2021A000210,"Alberta, province of destination",Persons,249,units,0,v32211570,1.9,556,,,,0
2024-01,"Prince Edward Island, province of origin",2021A000211,"Alberta, province of destination",Persons,249,units,0,v32211583,2.9,212,,,,0
2024-01,"Nova Scotia, province of origin",2021A000212,"Alberta, province of destination",Persons,249,units,0,v32211596,3.9,1009,,,,0
2024-01,"New Brunswick, province of origin",2021A000213,"Alberta, province of destination",Persons,249,units,0,v32211609,4.9,507,,,,0
2024-01,"Quebec, province of origin",2021A000224,"Alberta, province of destination",Persons,249,units,0,v32211622,5.9,1016,,,,0
2024-01,"Ontario, province of origin",2021A000235,"Alberta, province of destination",Persons,249,units,0,v32211635,6.9,9998,,,,0
2024-01,"Manitoba, province of origin",2021A000246,"Alberta, province of destination",Persons,249,units,0,v32211648,7.9,1785,,,,0
2024-01,"Saskatchewan, province of origin",2021A000247,"Alberta, province of destination",Persons,249,units,0,v32211661,8.9,2889,,,,0
2024-01,"Alberta, province of origin",2021A000248,"Newfoundland and Labrador, province of destination",Persons,249,units,0,v32211667,9.1,452,,,,0
2024-01,"Alberta, province of origin",2021A000248,"Prince Edward Island, province of destination",Persons,249,units,0,v32211668,9.2,129,,,,0
2024-01,"Alberta, province of origin",2021A000248,"Nova Scotia, province of destination",Persons,249,units,0,v32211669,9.3,480,,,,0
2024-01,"Alberta, province of origin",2021A000248,"New Brunswick, province of destination",Persons,249,units,0,v32211670,9.4,369,,,,0
2024-01,"Alberta, province of origin",2021A000248,"Quebec, province of destination",Persons,249,units,0,v32211671,9.5,758,,,,0
2024-01,"Alberta, province of origin",2021A000248,"Ontario, province of destination",Persons,249,units,0,v32211672,9.6,4076,,,,0
2024-01,"Alberta, province of origin",2021A000248,"Manitoba, province of destination",Persons,249,units,0,v32211673,9.7,838,,,,0
2024-01,"Alberta, province of origin",2021A000248,"Saskatchewan, province of destination",Persons,249,units,0,v32211674,9.8,1870,,,,0
2024-01,"Alberta, province of origin",2021A000248,"British Columbia, province of destination",Persons,249,units,0,v32211675,9.10,6136,,,,0
2024-01,"Alberta, province of origin",2021A000248,"Yukon, province of destination",Persons,249,units,0,v32211676,9.11,93,,,,0
2024-01,"Alberta, province of origin",2021A000248,"Northwest Territories, province of destination",Persons,249,units,0,v32211678,9.13,202,,,,0
2024-01,"Alberta, province of origin",2021A000248,"Nunavut, province of destination",Persons,249,units,0,v32211679,9.14,24,,,,0
2024-01,"British Columbia, province of origin",2021A000259,"Alberta, province of destination",Persons,249,units,0,v32211688,10.9,8543,,,,0
2024-01,"Yukon, province of origin",2021A000260,"Alberta, province of destination",Persons,249,units,0,v32211701,11.9,79,,,,0
2024-01,"Northwest Territories, province of origin",2021A000261,"Alberta, province of destination",Persons,249,units,0,v32211725,13.9,329,,,,0
2024-01,"Nunavut, province of origin",2021A000262,"Alberta, province of destination",Persons,249,units,0,v32211737,14.9,29,,,,0
2024-04,"Newfoundland and Labrador, province of origin",2021A000210,"Alberta, province of destination",Persons,249,units,0,v32211570,1.9,589,,,,0
2024-04,"Prince Edward Island, province of origin",2021A000211,"Alberta, province of destination",Persons,249,units,0,v32211583,2.9,165,,,,0
2024-04,"Nova Scotia, province of origin",2021A000212,"Alberta, province of destination",Persons,249,units,0,v32211596,3.9,1007,,,,0
2024-04,"New Brunswick, province of origin",2021A000213,"Alberta, province of destination",Persons,249,units,0,v32211609,4.9,516,,,,0
2024-04,"Quebec, province of origin",2021A000224,"Alberta, province of destination",Persons,249,units,0,v32211622,5.9,1183,,,,0
2024-04,"Ontario, province of origin",2021A000235,"Alberta, province of destination",Persons,249,units,0,v32211635,6.9,11689,,,,0
2024-04,"Manitoba, province of origin",2021A000246,"Alberta, province of destination",Persons,249,units,0,v32211648,7.9,1803,,,,0
2024-04,"Saskatchewan, province of origin",2021A000247,"Alberta, province of destination",Persons,249,units,0,v32211661,8.9,3117,,,,0
2024-04,"Alberta, province of origin",2021A000248,"Newfoundland and Labrador, province of destination",Persons,249,units,0,v32211667,9.1,527,,,,0
2024-04,"Alberta, province of origin",2021A000248,"Prince Edward Island, province of destination",Persons,249,units,0,v32211668,9.2,140,,,,0
2024-04,"Alberta, province of origin",2021A000248,"Nova Scotia, province of destination",Persons,249,units,0,v32211669,9.3,1116,,,,0
2024-04,"Alberta, province of origin",2021A000248,"New Brunswick, province of destination",Persons,249,units,0,v32211670,9.4,514,,,,0
2024-04,"Alberta, province of origin",2021A000248,"Quebec, province of destination",Persons,249,units,0,v32211671,9.5,919,,,,0
2024-04,"Alberta, province of origin",2021A000248,"Ontario, province of destination",Persons,249,units,0,v32211672,9.6,5052,,,,0
2024-04,"Alberta, province of origin",2021A000248,"Manitoba, province of destination",Persons,249,units,0,v32211673,9.7,860,,,,0
2024-04,"Alberta, province of origin",2021A000248,"Saskatchewan, province of destination",Persons,249,units,0,v32211674,9.8,1978,,,,0
2024-04,"Alberta, province of origin",2021A000248,"British Columbia, province of destination",Persons,249,units,0,v32211675,9.10,8487,,,,0
2024-04,"Alberta, province of origin",2021A000248,"Yukon, province of destination",Persons,249,units,0,v32211676,9.11,147,,,,0
2024-04,"Alberta, province of origin",2021A000248,"Northwest Territories, province of destination",Persons,249,units,0,v32211678,9.13,169,,,,0
2024-04,"Alberta, province of origin",2021A000248,"Nunavut, province of destination",Persons,249,units,0,v32211679,9.14,73,,,,0
2024-04,"British Columbia, province of origin",2021A000259,"Alberta, province of destination",Persons,249,units,0,v32211688,10.9,10551,,,,0
2024-04,"Yukon, province of origin",2021A000260,"Alberta, province of destination",Persons,249,units,0,v32211701,11.9,125,,,,0
2024-04,"Northwest Territories, province of origin",2021A000261,"Alberta, province of destination",Persons,249,units,0,v32211725,13.9,184,,,,0
2024-04,"Nunavut, province of origin",2021A000262,"Alberta, province of destination",Persons,249,units,0,v32211737,14.9,32,,,,0
2024-07,"Newfoundland and Labrador, province of origin",2021A000210,"Alberta, province of destination",Persons,249,units,0,v32211570,1.9,366,,,,0
2024-07,"Prince Edward Island, province of origin",2021A000211,"Alberta, province of destination",Persons,249,units,0,v32211583,2.9,189,,,,0
2024-07,"Nova Scotia, province of origin",2021A000212,"Alberta, province of destination",Persons,249,units,0,v32211596,3.9,808,,,,0
2024-07,"New Brunswick, province of origin",2021A000213,"Alberta, province of destination",Persons,249,units,0,v32211609,4.9,627,,,,0
2024-07,"Quebec, province of origin",2021A000224,"Alberta, province of destination",Persons,249,units,0,v32211622,5.9,1085,,,,0
2024-07,"Ontario, province of origin",2021A000235,"Alberta, province of destination",Persons,249,units,0,v32211635,6.9,8308,,,,0
2024-07,"Manitoba, province of origin",2021A000246,"Alberta, province of destination",Persons,249,units,0,v32211648,7.9,1407,,,,0
2024-07,"Saskatchewan, province of origin",2021A000247,"Alberta, province of destination",Persons,249,units,0,v32211661,8.9,1956,,,,0
2024-07,"Alberta, province of origin",2021A000248,"Newfoundland and Labrador, province of destination",Persons,249,units,0,v32211667,9.1,255,,,,0
2024-07,"Alberta, province of origin",2021A000248,"Prince Edward Island, province of destination",Persons,249,units,0,v32211668,9.2,82,,,,0
2024-07,"Alberta, province of origin",2021A000248,"Nova Scotia, province of destination",Persons,249,units,0,v32211669,9.3,511,,,,0
2024-07,"Alberta, province of origin",2021A000248,"New Brunswick, province of destination",Persons,249,units,0,v32211670,9.4,245,,,,0
2024-07,"Alberta, province of origin",2021A000248,"Quebec, province of destination",Persons,249,units,0,v32211671,9.5,987,,,,0
2024-07,"Alberta, province of origin",2021A000248,"Ontario, province of destination",Persons,249,units,0,v32211672,9.6,3548,,,,0
2024-07,"Alberta, province of origin",2021A000248,"Manitoba, province of destination",Persons,249,units,0,v32211673,9.7,471,,,,0
2024-07,"Alberta, province of origin",2021A000248,"Saskatchewan, province of destination",Persons,249,units,0,v32211674,9.8,1070,,,,0
2024-07,"Alberta, province of origin",2021A000248,"British Columbia, province of destination",Persons,249,units,0,v32211675,9.10,4781,,,,0
2024-07,"Alberta, province of origin",2021A000248,"Yukon, province of destination",Persons,249,units,0,v32211676,9.11,104,,,,0
2024-07,"Alberta, province of origin",2021A000248,"Northwest Territories, province of destination",Persons,249,units,0,v32211678,9.13,117,,,,0
2024-07,"Alberta, province of origin",2021A000248,"Nunavut, province of destination",Persons,249,units,0,v32211679,9.14,18,,,,0
2024-07,"British Columbia, province of origin",2021A000259,"Alberta, province of destination",Persons,249,units,0,v32211688,10.9,6981,,,,0
2024-07,"Yukon, province of origin",2021A000260,"Alberta, province of destination",Persons,249,units,0,v32211701,11.9,96,,,,0
2024-07,"Northwest Territories, province of origin",2021A000261,"Alberta, province of destination",Persons,249,units,0,v32211725,13.9,162,,,,0
2024-07,"Nunavut, province of origin",2021A000262,"Alberta, province of destination",Persons,249,units,0,v32211737,14.9,10,,,,0
2024-10,"Newfoundland and Labrador, province of origin",2021A000210,"Alberta, province of destination",Persons,249,units,0,v32211570,1.9,271,,,,0
2024-10,"Prince Edward Island, province of origin",2021A000211,"Alberta, province of destination",Persons,249,units,0,v32211583,2.9,103,,,,0
2024-10,"Nova Scotia, province of origin",2021A000212,"Alberta, province of destination",Persons,249,units,0,v32211596,3.9,422,,,,0
2024-10,"New Brunswick, province of origin",2021A000213,"Alberta, province of destination",Persons,249,units,0,v32211609,4.9,239,,,,0
2024-10,"Quebec, province of origin",2021A000224,"Alberta, province of destination",Persons,249,units,0,v32211622,5.9,686,,,,0
2024-10,"Ontario, province of origin",2021A000235,"Alberta, province of destination",Persons,249,units,0,v32211635,6.9,4677,,,,0
2024-10,"Manitoba, province of origin",2021A000246,"Alberta, province of destination",Persons,249,units,0,v32211648,7.9,792,,,,0
2024-10,"Saskatchewan, province of origin",2021A000247,"Alberta, province of destination",Persons,249,units,0,v32211661,8.9,1160,,,,0
2024-10,"Alberta, province of origin",2021A000248,"Newfoundland and Labrador, province of destination",Persons,249,units,0,v32211667,9.1,245,,,,0
2024-10,"Alberta, province of origin",2021A000248,"Prince Edward Island, province of destination",Persons,249,units,0,v32211668,9.2,124,,,,0
2024-10,"Alberta, province of origin",2021A000248,"Nova Scotia, province of destination",Persons,249,units,0,v32211669,9.3,284,,,,0
2024-10,"Alberta, province of origin",2021A000248,"New Brunswick, province of destination",Persons,249,units,0,v32211670,9.4,182,,,,0
2024-10,"Alberta, province of origin",2021A000248,"Quebec, province of destination",Persons,249,units,0,v32211671,9.5,373,,,,0
2024-10,"Alberta, province of origin",2021A000248,"Ontario, province of destination",Persons,249,units,0,v32211672,9.6,2775,,,,0
2024-10,"Alberta, province of origin",2021A000248,"Manitoba, province of destination",Persons,249,units,0,v32211673,9.7,219,,,,0
2024-10,"Alberta, province of origin",2021A000248,"Saskatchewan, province of destination",Persons,249,units,0,v32211674,9.8,622,,,,0
2024-10,"Alberta, province of origin",2021A000248,"British Columbia, province of destination",Persons,249,units,0,v32211675,9.10,3020,,,,0
2024-10,"Alberta, province of origin",2021A000248,"Yukon, province of destination",Persons,249,units,0,v32211676,9.11,7,,,,0
2024-10,"Alberta, province of origin",2021A000248,"Northwest Territories, province of destination",Persons,249,units,0,v32211678,9.13,71,,,,0
2024-10,"Alberta, province of origin",2021A000248,"Nunavut, province of destination",Persons,249,units,0,v32211679,9.14,15,,,,0
2024-10,"British Columbia, province of origin",2021A000259,"Alberta, province of destination",Persons,249,units,0,v32211688,10.9,4112,,,,0
2024-10,"Yukon, province of origin",2021A000260,"Alberta, province of destination",Persons,249,units,0,v32211701,11.9,16,,,,0
2024-10,"Northwest Territories, province of origin",2021A000261,"Alberta, province of destination",Persons,249,units,0,v32211725,13.9,185,,,,0
2024-10,"Nunavut, province of origin",2021A000262,"Alberta, province of destination",Persons,249,units,0,v32211737,14.9,7,,,,0
2025-01,"Newfoundland and Labrador, province of origin",2021A000210,"Alberta, province of destination",Persons,249,units,0,v32211570,1.9,332,,,,0
2025-01,"Prince Edward Island, province of origin",2021A000211,"Alberta, province of destination",Persons,249,units,0,v32211583,2.9,118,,,,0
2025-01,"Nova Scotia, province of origin",2021A000212,"Alberta, province of destination",Persons,249,units,0,v32211596,3.9,580,,,,0
2025-01,"New Brunswick, province of origin",2021A000213,"Alberta, province of destination",Persons,249,units,0,v32211609,4.9,421,,,,0
2025-01,"Quebec, province of origin",2021A000224,"Alberta, province of destination",Persons,249,units,0,v32211622,5.9,847,,,,0
2025-01,"Ontario, province of origin",2021A000235,"Alberta, province of destination",Persons,249,units,0,v32211635,6.9,7928,,,,0
2025-01,"Manitoba, province of origin",2021A000246,"Alberta, province of destination",Persons,249,units,0,v32211648,7.9,1178,,,,0
2025-01,"Saskatchewan, province of origin",2021A000247,"Alberta, province of destination",Persons,249,units,0,v32211661,8.9,2319,,,,0
2025-01,"Alberta, province of origin",2021A000248,"Newfoundland and Labrador, province of destination",Persons,249,units,0,v32211667,9.1,309,,,,0
2025-01,"Alberta, province of origin",2021A000248,"Prince Edward Island, province of destination",Persons,249,units,0,v32211668,9.2,83,,,,0
2025-01,"Alberta, province of origin",2021A000248,"Nova Scotia, province of destination",Persons,249,units,0,v32211669,9.3,594,,,,0
2025-01,"Alberta, province of origin",2021A000248,"New Brunswick, province of destination",Persons,249,units,0,v32211670,9.4,514,,,,0
2025-01,"Alberta, province of origin",2021A000248,"Quebec, province of destination",Persons,249,units,0,v32211671,9.5,425,,,,0
2025-01,"Alberta, province of origin",2021A000248,"Ontario, province of destination",Persons,249,units,0,v32211672,9.6,3995,,,,0
2025-01,"Alberta, province of origin",2021A000248,"Manitoba, province of destination",Persons,249,units,0,v32211673,9.7,761,,,,0
2025-01,"Alberta, province of origin",2021A000248,"Saskatchewan, province of destination",Persons,249,units,0,v32211674,9.8,1656,,,,0
2025-01,"Alberta, province of origin",2021A000248,"British Columbia, province of destination",Persons,249,units,0,v32211675,9.10,5654,,,,0
2025-01,"Alberta, province of origin",2021A000248,"Yukon, province of destination",Persons,249,units,0,v32211676,9.11,139,,,,0
2025-01,"Alberta, province of origin",2021A000248,"Northwest Territories, province of destination",Persons,249,units,0,v32211678,9.13,136,,,,0
2025-01,"Alberta, province of origin",2021A000248,"Nunavut, province of destination",Persons,249,units,0,v32211679,9.14,57,,,,0
2025-01,"British Columbia, province of origin",2021A000259,"Alberta, province of destination",Persons,249,units,0,v32211688,10.9,6548,,,,0
2025-01,"Yukon, province of origin",2021A000260,"Alberta, province of destination",Persons,249,units,0,v32211701,11.9,137,,,,0
2025-01,"Northwest Territories, province of origin",2021A000261,"Alberta, province of destination",Persons,249,units,0,v32211725,13.9,201,,,,0
2025-01,"Nunavut, province of origin",2021A000262,"Alberta, province of destination",Persons,249,units,0,v32211737,14.9,29,,,,0
2025-04,"Newfoundland and Labrador, province of origin",2021A000210,"Alberta, province of destination",Persons,249,units,0,v32211570,1.9,487,,,,0
2025-04,"Prince Edward Island, province of origin",2021A000211,"Alberta, province of destination",Persons,249,units,0,v32211583,2.9,200,,,,0
2025-04,"Nova Scotia, province of origin",2021A000212,"Alberta, province of destination",Persons,249,units,0,v32211596,3.9,743,,,,0
2025-04,"New Brunswick, province of origin",2021A000213,"Alberta, province of destination",Persons,249,units,0,v32211609,4.9,442,,,,0
2025-04,"Quebec, province of origin",2021A000224,"Alberta, province of destination",Persons,249,units,0,v32211622,5.9,1345,,,,0
2025-04,"Ontario, province of origin",2021A000235,"Alberta, province of destination",Persons,249,units,0,v32211635,6.9,9447,,,,0
2025-04,"Manitoba, province of origin",2021A000246,"Alberta, province of destination",Persons,249,units,0,v32211648,7.9,1564,,,,0
2025-04,"Saskatchewan, province of origin",2021A000247,"Alberta, province of destination",Persons,249,units,0,v32211661,8.9,2806,,,,0
2025-04,"Alberta, province of origin",2021A000248,"Newfoundland and Labrador, province of destination",Persons,249,units,0,v32211667,9.1,482,,,,0
2025-04,"Alberta, province of origin",2021A000248,"Prince Edward Island, province of destination",Persons,249,units,0,v32211668,9.2,147,,,,0
2025-04,"Alberta, province of origin",2021A000248,"Nova Scotia, province of destination",Persons,249,units,0,v32211669,9.3,971,,,,0
2025-04,"Alberta, province of origin",2021A000248,"New Brunswick, province of destination",Persons,249,units,0,v32211670,9.4,534,,,,0
2025-04,"Alberta, province of origin",2021A000248,"Quebec, province of destination",Persons,249,units,0,v32211671,9.5,812,,,,0
2025-04,"Alberta, province of origin",2021A000248,"Ontario, province of destination",Persons,249,units,0,v32211672,9.6,6021,,,,0
2025-04,"Alberta, province of origin",2021A000248,"Manitoba, province of destination",Persons,249,units,0,v32211673,9.7,1035,,,,0
2025-04,"Alberta, province of origin",2021A000248,"Saskatchewan, province of destination",Persons,249,units,0,v32211674,9.8,1691,,,,0
2025-04,"Alberta, province of origin",2021A000248,"British Columbia, province of destination",Persons,249,units,0,v32211675,9.10,8235,,,,0
2025-04,"Alberta, province of origin",2021A000248,"Yukon, province of destination",Persons,249,units,0,v32211676,9.11,82,,,,0
2025-04,"Alberta, province of origin",2021A000248,"Northwest Territories, province of destination",Persons,249,units,0,v32211678,9.13,163,,,,0
2025-04,"Alberta, province of origin",2021A000248,"Nunavut, province of destination",Persons,249,units,0,v32211679,9.14,42,,,,0
2025-04,"British Columbia, province of origin",2021A000259,"Alberta, province of destination",Persons,249,units,0,v32211688,10.9,8260,,,,0
2025-04,"Yukon, province of origin",2021A000260,"Alberta, province of destination",Persons,249,units,0,v32211701,11.9,110,,,,0
2025-04,"Northwest Territories, province of origin",2021A000261,"Alberta, province of destination",Persons,249,units,0,v32211725,13.9,257,,,,0
2025-04,"Nunavut, province of origin",2021A000262,"Alberta, province of destination",Persons,249,units,0,v32211737,14.9,76,,,,0
2025-07,"Newfoundland and Labrador, province of origin",2021A000210,"Alberta, province of destination",Persons,249,units,0,v32211570,1.9,379,,,,0
2025-07,"Prince Edward Island, province of origin",2021A000211,"Alberta, province of destination",Persons,249,units,0,v32211583,2.9,187,,,,0
2025-07,"Nova Scotia, province of origin",2021A000212,"Alberta, province of destination",Persons,249,units,0,v32211596,3.9,716,,,,0
2025-07,"New Brunswick, province of origin",2021A000213,"Alberta, province of destination",Persons,249,units,0,v32211609,4.9,713,,,,0
2025-07,"Quebec, province of origin",2021A000224,"Alberta, province of destination",Persons,249,units,0,v32211622,5.9,966,,,,0
2025-07,"Ontario, province of origin",2021A000235,"Alberta, province of destination",Persons,249,units,0,v32211635,6.9,6027,,,,0
2025-07,"Manitoba, province of origin",2021A000246,"Alberta, province of destination",Persons,249,units,0,v32211648,7.9,1622,,,,0
2025-07,"Saskatchewan, province of origin",2021A000247,"Alberta, province of destination",Persons,249,units,0,v32211661,8.9,2201,,,,0
2025-07,"Alberta, province of origin",2021A000248,"Newfoundland and Labrador, province of destination",Persons,249,units,0,v32211667,9.1,266,,,,0
2025-07,"Alberta, province of origin",2021A000248,"Prince Edward Island, province of destination",Persons,249,units,0,v32211668,9.2,109,,,,0
2025-07,"Alberta, province of origin",2021A000248,"Nova Scotia, province of destination",Persons,249,units,0,v32211669,9.3,392,,,,0
2025-07,"Alberta, province of origin",2021A000248,"New Brunswick, province of destination",Persons,249,units,0,v32211670,9.4,319,,,,0
2025-07,"Alberta, province of origin",2021A000248,"Quebec, province of destination",Persons,249,units,0,v32211671,9.5,727,,,,0
2025-07,"Alberta, province of origin",2021A000248,"Ontario, province of destination",Persons,249,units,0,v32211672,9.6,3763,,,,0
2025-07,"Alberta, province of origin",2021A000248,"Manitoba, province of destination",Persons,249,units,0,v32211673,9.7,654,,,,0
2025-07,"Alberta, province of origin",2021A000248,"Saskatchewan, province of destination",Persons,249,units,0,v32211674,9.8,1053,,,,0
2025-07,"Alberta, province of origin",2021A000248,"British Columbia, province of destination",Persons,249,units,0,v32211675,9.10,5404,,,,0
2025-07,"Alberta, province of origin",2021A000248,"Yukon, province of destination",Persons,249,units,0,v32211676,9.11,83,,,,0
2025-07,"Alberta, province of origin",2021A000248,"Northwest Territories, province of destination",Persons,249,units,0,v32211678,9.13,112,,,,0
2025-07,"Alberta, province of origin",2021A000248,"Nunavut, province of destination",Persons,249,units,0,v32211679,9.14,41,,,,0
2025-07,"British Columbia, province of origin",2021A000259,"Alberta, province of destination",Persons,249,units,0,v32211688,10.9,5556,,,,0
2025-07,"Yukon, province of origin",2021A000260,"Alberta, province of destination",Persons,249,units,0,v32211701,11.9,75,,,,0
2025-07,"Northwest Territories, province of origin",2021A000261,"Alberta, province of destination",Persons,249,units,0,v32211725,13.9,202,,,,0
2025-07,"Nunavut, province of origin",2021A000262,"Alberta, province of destination",Persons,249,units,0,v32211737,14.9,29,,,,0
2025-10,"Newfoundland and Labrador, province of origin",2021A000210,"Alberta, province of destination",Persons,249,units,0,v32211570,1.9,216,,,,0
2025-10,"Prince Edward Island, province of origin",2021A000211,"Alberta, province of destination",Persons,249,units,0,v32211583,2.9,102,,,,0
2025-10,"Nova Scotia, province of origin",2021A000212,"Alberta, province of destination",Persons,249,units,0,v32211596,3.9,364,,,,0
2025-10,"New Brunswick, province of origin",2021A000213,"Alberta, province of destination",Persons,249,units,0,v32211609,4.9,352,,,,0
2025-10,"Quebec, province of origin",2021A000224,"Alberta, province of destination",Persons,249,units,0,v32211622,5.9,913,,,,0
2025-10,"Ontario, province of origin",2021A000235,"Alberta, province of destination",Persons,249,units,0,v32211635,6.9,4221,,,,0
2025-10,"Manitoba, province of origin",2021A000246,"Alberta, province of destination",Persons,249,units,0,v32211648,7.9,958,,,,0
2025-10,"Saskatchewan, province of origin",2021A000247,"Alberta, province of destination",Persons,249,units,0,v32211661,8.9,1556,,,,0
2025-10,"Alberta, province of origin",2021A000248,"Newfoundland and Labrador, province of destination",Persons,249,units,0,v32211667,9.1,210,,,,0
2025-10,"Alberta, province of origin",2021A000248,"Prince Edward Island, province of destination",Persons,249,units,0,v32211668,9.2,62,,,,0
2025-10,"Alberta, province of origin",2021A000248,"Nova Scotia, province of destination",Persons,249,units,0,v32211669,9.3,435,,,,0
2025-10,"Alberta, province of origin",2021A000248,"New Brunswick, province of destination",Persons,249,units,0,v32211670,9.4,138,,,,0
2025-10,"Alberta, province of origin",2021A000248,"Quebec, province of destination",Persons,249,units,0,v32211671,9.5,413,,,,0
2025-10,"Alberta, province of origin",2021A000248,"Ontario, province of destination",Persons,249,units,0,v32211672,9.6,2487,,,,0
2025-10,"Alberta, province of origin",2021A000248,"Manitoba, province of destination",Persons,249,units,0,v32211673,9.7,277,,,,0
2025-10,"Alberta, province of origin",2021A000248,"Saskatchewan, province of destination",Persons,249,units,0,v32211674,9.8,1016,,,,0
2025-10,"Alberta, province of origin",2021A000248,"British Columbia, province of destination",Persons,249,units,0,v32211675,9.10,3776,,,,0
2025-10,"Alberta, province of origin",2021A000248,"Yukon, province of destination",Persons,249,units,0,v32211676,9.11,42,,,,0
2025-10,"Alberta, province of origin",2021A000248,"Northwest Territories, province of destination",Persons,249,units,0,v32211678,9.13,133,,,,0
2025-10,"Alberta, province of origin",2021A000248,"Nunavut, province of destination",Persons,249,units,0,v32211679,9.14,0,,,,0
2025-10,"British Columbia, province of origin",2021A000259,"Alberta, province of destination",Persons,249,units,0,v32211688,10.9,3883,,,,0
2025-10,"Yukon, province of origin",2021A000260,"Alberta, province of destination",Persons,249,units,0,v32211701,11.9,51,,,,0
2025-10,"Northwest Territories, province of origin",2021A000261,"Alberta, province of destination",Persons,249,units,0,v32211725,13.9,135,,,,0
2025-10,"Nunavut, province of origin",2021A000262,"Alberta, province of destination",Persons,249,units,0,v32211737,14.9,38,,,,0
2026-01,"Newfoundland and Labrador, province of origin",2021A000210,"Alberta, province of destination",Persons,249,units,0,v32211570,1.9,358,,,,0
2026-01,"Prince Edward Island, province of origin",2021A000211,"Alberta, province of destination",Persons,249,units,0,v32211583,2.9,259,,,,0
2026-01,"Nova Scotia, province of origin",2021A000212,"Alberta, province of destination",Persons,249,units,0,v32211596,3.9,627,,,,0
2026-01,"New Brunswick, province of origin",2021A000213,"Alberta, province of destination",Persons,249,units,0,v32211609,4.9,525,,,,0
2026-01,"Quebec, province of origin",2021A000224,"Alberta, province of destination",Persons,249,units,0,v32211622,5.9,866,,,,0
2026-01,"Ontario, province of origin",2021A000235,"Alberta, province of destination",Persons,249,units,0,v32211635,6.9,7302,,,,0
2026-01,"Manitoba, province of origin",2021A000246,"Alberta, province of destination",Persons,249,units,0,v32211648,7.9,1410,,,,0
2026-01,"Saskatchewan, province of origin",2021A000247,"Alberta, province of destination",Persons,249,units,0,v32211661,8.9,2686,,,,0
2026-01,"Alberta, province of origin",2021A000248,"Newfoundland and Labrador, province of destination",Persons,249,units,0,v32211667,9.1,418,,,,0
2026-01,"Alberta, province of origin",2021A000248,"Prince Edward Island, province of destination",Persons,249,units,0,v32211668,9.2,164,,,,0
2026-01,"Alberta, province of origin",2021A000248,"Nova Scotia, province of destination",Persons,249,units,0,v32211669,9.3,551,,,,0
2026-01,"Alberta, province of origin",2021A000248,"New Brunswick, province of destination",Persons,249,units,0,v32211670,9.4,330,,,,0
2026-01,"Alberta, province of origin",2021A000248,"Quebec, province of destination",Persons,249,units,0,v32211671,9.5,397,,,,0
2026-01,"Alberta, province of origin",2021A000248,"Ontario, province of destination",Persons,249,units,0,v32211672,9.6,3699,,,,0
2026-01,"Alberta, province of origin",2021A000248,"Manitoba, province of destination",Persons,249,units,0,v32211673,9.7,859,,,,0
2026-01,"Alberta, province of origin",2021A000248,"Saskatchewan, province of destination",Persons,249,units,0,v32211674,9.8,2017,,,,0
2026-01,"Alberta, province of origin",2021A000248,"British Columbia, province of destination",Persons,249,units,0,v32211675,9.10,5030,,,,0
2026-01,"Alberta, province of origin",2021A000248,"Yukon, province of destination",Persons,249,units,0,v32211676,9.11,92,,,,0
2026-01,"Alberta, province of origin",2021A000248,"Northwest Territories, province of destination",Persons,249,units,0,v32211678,9.13,225,,,,0
2026-01,"Alberta, province of origin",2021A000248,"Nunavut, province of destination",Persons,249,units,0,v32211679,9.14,83,,,,0
2026-01,"British Columbia, province of origin",2021A000259,"Alberta, province of destination",Persons,249,units,0,v32211688,10.9,5671,,,,0
2026-01,"Yukon, province of origin",2021A000260,"Alberta, province of destination",Persons,249,units,0,v32211701,11.9,49,,,,0
2026-01,"Northwest Territories, province of origin",2021A000261,"Alberta, province of destination",Persons,249,units,0,v32211725,13.9,282,,,,0
2026-01,"Nunavut, province of origin",2021A000262,"Alberta, province of destination",Persons,249,units,0,v32211737,14.9,49,,,,0
2026-04,"Newfoundland and Labrador, province of origin",2021A000210,"Alberta, province of destination",Persons,249,units,0,v32211570,1.9,541,,,,0
2026-04,"Prince Edward Island, province of origin",2021A000211,"Alberta, province of destination",Persons,249,units,0,v32211583,2.9,45,,,,0
2026-04,"Nova Scotia, province of origin",2021A000212,"Alberta, province of destination",Persons,249,units,0,v32211596,3.9,878,,,,0
2026-04,"New Brunswick, province of origin",2021A000213,"Alberta, province of destination",Persons,249,units,0,v32211609,4.9,512,,,,0
2026-04,"Quebec, province of origin",2021A000224,"Alberta, province of destination",Persons,249,units,0,v32211622,5.9,1242,,,,0
2026-04,"Ontario, province of origin",2021A000235,"Alberta, province of destination",Persons,249,units,0,v32211635,6.9,8921,,,,0
2026-04,"Manitoba, province of origin",2021A000246,"Alberta, province of destination",Persons,249,units,0,v32211648,7.9,1955,,,,0
2026-04,"Saskatchewan, province of origin",2021A000247,"Alberta, province of destination",Persons,249,units,0,v32211661,8.9,3408,,,,0
2026-04,"Alberta, province of origin",2021A000248,"Newfoundland and Labrador, province of destination",Persons,249,units,0,v32211667,9.1,564,,,,0
2026-04,"Alberta, province of origin",2021A000248,"Prince Edward Island, province of destination",Persons,249,units,0,v32211668,9.2,117,,,,0
2026-04,"Alberta, province of origin",2021A000248,"Nova Scotia, province of destination",Persons,249,units,0,v32211669,9.3,780,,,,0
2026-04,"Alberta, province of origin",2021A000248,"New Brunswick, province of destination",Persons,249,units,0,v32211670,9.4,580,,,,0
2026-04,"Alberta, province of origin",2021A000248,"Quebec, province of destination",Persons,249,units,0,v32211671,9.5,794,,,,0
2026-04,"Alberta, province of origin",2021A000248,"Ontario, province of destination",Persons,249,units,0,v32211672,9.6,5627,,,,0
2026-04,"Alberta, province of origin",2021A000248,"Manitoba, province of destination",Persons,249,units,0,v32211673,9.7,1098,,,,0
2026-04,"Alberta, province of origin",2021A000248,"Saskatchewan, province of destination",Persons,249,units,0,v32211674,9.8,2844,,,,0
2026-04,"Alberta, province of origin",2021A000248,"British Columbia, province of destination",Persons,249,units,0,v32211675,9.10,7991,,,,0
2026-04,"Alberta, province of origin",2021A000248,"Yukon, province of destination",Persons,249,units,0,v32211676,9.11,206,,,,0
2026-04,"Alberta, province of origin",2021A000248,"Northwest Territories, province of destination",Persons,249,units,0,v32211678,9.13,182,,,,0
2026-04,"Alberta, province of origin",2021A000248,"Nunavut, province of destination",Persons,249,units,0,v32211679,9.14,101,,,,0
2026-04,"British Columbia, province of origin",2021A000259,"Alberta, province of destination",Persons,249,units,0,v32211688,10.9,8738,,,,0
2026-04,"Yukon, province of origin",2021A000260,"Alberta, province of destination",Persons,249,units,0,v32211701,11.9,47,,,,0
2026-04,"Northwest Territories, province of origin",2021A000261,"Alberta, province of destination",Persons,249,units,0,v32211725,13.9,435,,,,0
2026-04,"Nunavut, province of origin",2021A000262,"Alberta, province of destination",Persons,249,units,0,v32211737,14.9,55,,,,0
