period,period_start,period_end_exclusive,Immigrants,Emigrants,Returning emigrants,Net emigration,Net non-permanent residents,"Non-permanent residents, inflows","Non-permanent residents, outflows",In-migrants,Out-migrants,Births,Deaths,Net international migration,Net interprovincial migration,Natural increase,Population growth
2021-07,2021-07-01,2021-10-01,11475,3688,2536,1152,3758,13987,10229,18529,18283,13126,7907,14081,246,5219,19546
2021-10,2021-10-01,2022-01-01,14123,3210,1549,1661,-1918,8291,10209,12149,11401,11858,8382,10544,748,3476,14768
2022-01,2022-01-01,2022-04-01,12707,3375,1282,2093,826,8339,7513,18755,17455,11262,8326,11440,1300,2936,15676
2022-04,2022-04-01,2022-07-01,14255,3350,1952,1398,11669,16848,5179,32090,28738,11873,7683,24526,3352,4190,32068
2022-07,2022-07-01,2022-10-01,12640,4738,2906,1832,18430,26195,7765,27534,14374,12653,7850,29238,13160,4803,47201
2022-10,2022-10-01,2023-01-01,9933,3102,1512,1590,16227,22478,6251,17299,9524,11700,8787,24570,7775,2913,35258
2023-01,2023-01-01,2023-04-01,17157,3148,1330,1818,15196,24940,9744,26020,16248,11315,8199,30535,9772,3116,43423
2023-04,2023-04-01,2023-07-01,14581,3162,2028,1134,21753,26338,4585,29900,21199,12277,7617,35200,8701,4660,48561
2023-07,2023-07-01,2023-10-01,11869,4733,2868,1865,31243,39172,7929,28954,12440,12599,7653,41247,16514,4946,62707
2023-10,2023-10-01,2024-01-01,13981,2983,1410,1573,21560,30807,9247,17281,7905,12114,8586,33968,9376,3528,46872
2024-01,2024-01-01,2024-04-01,15405,3041,1191,1850,25570,35179,9609,26952,15427,12241,8311,39125,11525,3930,54580
2024-04,2024-04-01,2024-07-01,19032,2906,1705,1201,15422,26644,11222,30961,19982,13072,7700,33253,10979,5372,49604
2024-07,2024-07-01,2024-10-01,16903,4866,2949,1917,13190,29073,15883,21995,12189,13611,7678,28176,9806,5933,43915
2024-10,2024-10-01,2025-01-01,15054,3068,1451,1617,5619,18833,13214,12670,7937,12692,8338,19056,4733,4354,28143
2025-01,2025-01-01,2025-04-01,13630,3126,1223,1903,824,12579,11755,20638,14323,12422,8684,12551,6315,3738,22604
2025-04,2025-04-01,2025-07-01,12618,2988,1753,1235,5839,15454,9615,25737,20215,13460,8030,17222,5522,5430,28174
2025-07,2025-07-01,2025-10-01,12963,4920,2980,1940,4932,16737,11805,18673,12923,13993,7996,15955,5750,5997,27702
2025-10,2025-10-01,2026-01-01,12408,3101,1467,1634,-3605,9332,12937,12789,8989,13235,8675,7169,3800,4560,15529
2026-01,2026-01-01,2026-04-01,11140,3159,1238,1921,-7656,9234,16890,20084,13865,12562,9030,1563,6219,3532,11314
2026-04,2026-04-01,2026-07-01,13647,3020,1771,1249,-1628,11870,13498,26777,20884,13553,8342,10770,5893,5211,21874
