measure,period,status,scope,amount_cad,students,residents,cpi_school_year,nominal_per_student,real_2025_per_student,nominal_per_resident,source_id
School-authority expenses excluding amortization,2016-17,Reported actual,k12_alberta_reporting_authorities,7401973042.0,651697.0,,136.45000000000002,11357.997722868142,14333.801450186103,,k12_2016_statement_of_operations
School-authority expenses excluding amortization,2017-18,Reported actual,k12_alberta_reporting_authorities,7579158219.0,664929.0,,139.54166666666666,11398.447381600141,14066.140142931343,,k12_2017_statement_of_operations
School-authority expenses excluding amortization,2018-19,Reported actual,k12_alberta_reporting_authorities,7687441435.0,673765.0,,142.225,11409.67761014597,13814.353907309798,,k12_2018_statement_of_operations
School-authority expenses excluding amortization,2019-20,Reported actual,k12_alberta_reporting_authorities,7331164960.0,683586.0,,144.10833333333332,10724.568613166448,12815.155601831462,,k12_2019_statement_of_operations
School-authority expenses excluding amortization,2020-21,Reported actual,k12_alberta_reporting_authorities,7460607392.0,671641.0,,147.16666666666669,11108.028533100272,12997.525572366023,,k12_2020_statement_of_operations
School-authority expenses excluding amortization,2021-22,Reported actual,k12_alberta_reporting_authorities,7718891331.0,679736.0,,155.70000000000002,11355.719471971472,12559.11941601469,,k12_2021_statement_of_operations
School-authority expenses excluding amortization,2022-23,Reported actual,k12_without_valhalla,8010439318.0,700443.0,,162.63333333333333,11436.247229253488,12108.967654503693,,k12_2022_statement_of_operations
School-authority expenses excluding amortization,2023-24,Reported actual,k12_alberta_reporting_authorities,8463238670.000001,726625.0,,167.50833333333335,11647.326571477724,11973.551379185894,,k12_2023_statement_of_operations
School operational allocation,2024-25,Revised allocation including in-year adjustments,Public system excluding Lloydminster,7716613874.0,748521.0,,171.1,10309.148138796372,10375.42553770155,,https://www.alberta.ca/system/files/educ-budget-2025-projected-operational-funding-school-jurisdictions.pdf
School operational allocation,2025-26,Revised allocation including in-year adjustments,Public system excluding Lloydminster,8361644972.0,754880.0,,175.6833333333333,11076.787001907587,10857.163770392677,,https://www.alberta.ca/system/files/ecc-projected-operational-funding-school-authorities.pdf
School operational allocation,2026-27,Projected allocation,Public system excluding Lloydminster,8896073124.0,,,,,,,https://www.alberta.ca/system/files/ecc-projected-operational-funding-school-authorities.pdf
Consolidated education function expense,2024-25,Actual,All education; excludes childcare,17197000000.0,,4857695,,,,3540.1563910455475,https://open.alberta.ca/dataset/7714457c-7527-443a-a7db-dd8c1c8ead86/resource/e6c7f85c-73bc-44d3-af00-edebf01d82a1/download/goa-annual-report-2024-2025.pdf
Consolidated education function expense,2026-27,Budget 2026,All education; excludes childcare,19388000000.0,,5057077,,,,3833.835237232892,https://open.alberta.ca/dataset/3393a7b5-07bf-4b9f-8aaf-a6d89273297b/resource/58a8d024-398f-482e-b1c2-81a754a97253/download/budget-2026-fiscal-plan-2026-29.pdf
