observation_id,series_id,year,period,amount_m,status,budget_basis,coverage_id,segment,source_id,locator,selected,real_amount_m,sector,measure,learners,learner_unit,enrolment_status,financial_segment,enrolment_segment,real_per_learner,gap_reason,denominator_id,learner_source_id,note
k12_grants_2014,k12_operating_grants,2014,2014-15,6332.156736,actual,not_applicable,k12_alberta_reporting_authorities,,k12_2014_statement_of_operations,GoA revenue less interschool revenue and GoA capital recognition (spent and unspent); exact source components in k12_components.csv,True,6087.875349,k12,grants,,headcount,,k12_grants_pre_2018_reclassification,,,No approved learner denominator for this period.,k12_matched_headcount,,
k12_grants_2015,k12_operating_grants,2015,2015-16,6627.961281,actual,not_applicable,k12_alberta_reporting_authorities,,k12_2015_statement_of_operations,GoA revenue less interschool revenue and GoA capital recognition (spent and unspent); exact source components in k12_components.csv,True,6300.776954,k12,grants,,headcount,,k12_grants_pre_2018_reclassification,,,No approved learner denominator for this period.,k12_matched_headcount,,
k12_grants_2016,k12_operating_grants,2016,2016-17,6722.000323,actual,not_applicable,k12_alberta_reporting_authorities,k12_grants_pre_2018_reclassification|k12_alberta_reporting_authorities,k12_2016_statement_of_operations,GoA revenue less interschool revenue and GoA capital recognition (spent and unspent); exact source components in k12_components.csv,True,6319.276931,k12,grants,651697.000000,headcount,final,k12_grants_pre_2018_reclassification,k12_alberta_reporting_authorities,9696.648797,,k12_matched_headcount,k12_enrolment_2016,
k12_grants_2017,k12_operating_grants,2017,2017-18,6926.142065,actual,not_applicable,k12_alberta_reporting_authorities,k12_grants_pre_2018_reclassification|k12_alberta_reporting_authorities,k12_2017_statement_of_operations,GoA revenue less interschool revenue and GoA capital recognition (spent and unspent); exact source components in k12_components.csv,True,6411.599829,k12,grants,664929.000000,headcount,final,k12_grants_pre_2018_reclassification,k12_alberta_reporting_authorities,9642.533005,,k12_matched_headcount,k12_enrolment_2017,
k12_grants_2018,k12_operating_grants,2018,2018-19,6967.649524,actual,not_applicable,k12_alberta_reporting_authorities,k12_grants_2018_2021|k12_alberta_reporting_authorities,k12_2018_statement_of_operations,GoA revenue less interschool revenue and GoA capital recognition (spent and unspent); exact source components in k12_components.csv,True,6298.636234,k12,grants,673765.000000,headcount,final,k12_grants_2018_2021,k12_alberta_reporting_authorities,9348.417080,,k12_matched_headcount,k12_enrolment_2018,
k12_grants_2019,k12_operating_grants,2019,2019-20,6721.935073,actual,not_applicable,k12_alberta_reporting_authorities,k12_grants_2018_2021|k12_alberta_reporting_authorities,k12_2019_statement_of_operations,GoA revenue less interschool revenue and GoA capital recognition (spent and unspent); exact source components in k12_components.csv,True,5970.356029,k12,grants,683586.000000,headcount,final,k12_grants_2018_2021,k12_alberta_reporting_authorities,8733.876980,,k12_matched_headcount,k12_enrolment_2019,
k12_grants_2020,k12_operating_grants,2020,2020-21,7090.459252,actual,not_applicable,k12_alberta_reporting_authorities,k12_grants_2018_2021|k12_alberta_reporting_authorities,k12_2020_statement_of_operations,GoA revenue less interschool revenue and GoA capital recognition (spent and unspent); exact source components in k12_components.csv,True,6228.039882,k12,grants,671641.000000,headcount,final,k12_grants_2018_2021,k12_alberta_reporting_authorities,9272.870301,,k12_matched_headcount,k12_enrolment_2020,
k12_grants_2021,k12_operating_grants,2021,2021-22,7112.778464,actual,not_applicable,k12_alberta_reporting_authorities,k12_grants_2018_2021|k12_alberta_reporting_authorities,k12_2021_statement_of_operations,GoA revenue less interschool revenue and GoA capital recognition (spent and unspent); exact source components in k12_components.csv,True,6055.151660,k12,grants,679736.000000,headcount,final,k12_grants_2018_2021,k12_alberta_reporting_authorities,8908.093230,,k12_matched_headcount,k12_enrolment_2021,
k12_grants_2022,k12_operating_grants,2022,2022-23,7272.679524,actual,not_applicable,k12_without_valhalla,k12_2022_without_valhalla_aro|k12_without_valhalla,k12_2022_statement_of_operations,GoA revenue less interschool revenue and GoA capital recognition (spent and unspent); exact source components in k12_components.csv,True,5817.228241,k12,grants,700443.000000,headcount,final,k12_2022_without_valhalla_aro,k12_without_valhalla,8305.070136,,k12_matched_headcount,k12_enrolment_2022,Valhalla excluded to match the financial rollup.
k12_grants_2023,k12_operating_grants,2023,2023-24,7663.506403,actual,not_applicable,k12_alberta_reporting_authorities,k12_2023_complete_aro_draft_northland|k12_alberta_reporting_authorities,k12_2023_statement_of_operations,GoA revenue less interschool revenue and GoA capital recognition (spent and unspent); exact source components in k12_components.csv,True,5935.598195,k12,grants,726625.000000,headcount,final,k12_2023_complete_aro_draft_northland,k12_alberta_reporting_authorities,8168.722787,,k12_matched_headcount,k12_enrolment_2023,
k12_expenses_2012,k12_operating_expenses,2012,2012-13,6498.965936,actual,not_applicable,k12_alberta_reporting_authorities,,k12_2012_statement_of_operations,Total expenses less total amortization; exact source components in k12_components.csv,True,6498.965936,k12,expenses,,headcount,,k12_complete_pre_aro,,,No approved learner denominator for this period.,k12_matched_headcount,,
k12_expenses_2013,k12_operating_expenses,2013,2013-14,6647.450074,actual,not_applicable,k12_alberta_reporting_authorities,,k12_2013_statement_of_operations,Total expenses less total amortization; exact source components in k12_components.csv,True,6554.622998,k12,expenses,,headcount,,k12_complete_pre_aro,,,No approved learner denominator for this period.,k12_matched_headcount,,
k12_expenses_2014,k12_operating_expenses,2014,2014-15,6922.993807,actual,not_applicable,k12_alberta_reporting_authorities,,k12_2014_statement_of_operations,Total expenses less total amortization; exact source components in k12_components.csv,True,6655.919159,k12,expenses,,headcount,,k12_complete_pre_aro,,,No approved learner denominator for this period.,k12_matched_headcount,,
k12_expenses_2015,k12_operating_expenses,2015,2015-16,7221.979330,actual,not_applicable,k12_alberta_reporting_authorities,,k12_2015_statement_of_operations,Total expenses less total amortization; exact source components in k12_components.csv,True,6865.471749,k12,expenses,,headcount,,k12_complete_pre_aro,,,No approved learner denominator for this period.,k12_matched_headcount,,
k12_expenses_2016,k12_operating_expenses,2016,2016-17,7401.973042,actual,not_applicable,k12_alberta_reporting_authorities,k12_complete_pre_aro|k12_alberta_reporting_authorities,k12_2016_statement_of_operations,Total expenses less total amortization; exact source components in k12_components.csv,True,6958.511639,k12,expenses,651697.000000,headcount,final,k12_complete_pre_aro,k12_alberta_reporting_authorities,10677.525966,,k12_matched_headcount,k12_enrolment_2016,
k12_expenses_2017,k12_operating_expenses,2017,2017-18,7579.158219,actual,not_applicable,k12_alberta_reporting_authorities,k12_complete_pre_aro|k12_alberta_reporting_authorities,k12_2017_statement_of_operations,Total expenses less total amortization; exact source components in k12_components.csv,True,7016.103493,k12,expenses,664929.000000,headcount,final,k12_complete_pre_aro,k12_alberta_reporting_authorities,10551.658137,,k12_matched_headcount,k12_enrolment_2017,
k12_expenses_2018,k12_operating_expenses,2018,2018-19,7687.441435,actual,not_applicable,k12_alberta_reporting_authorities,k12_complete_pre_aro|k12_alberta_reporting_authorities,k12_2018_statement_of_operations,Total expenses less total amortization; exact source components in k12_components.csv,True,6949.315835,k12,expenses,673765.000000,headcount,final,k12_complete_pre_aro,k12_alberta_reporting_authorities,10314.153800,,k12_matched_headcount,k12_enrolment_2018,
k12_expenses_2019,k12_operating_expenses,2019,2019-20,7331.164960,actual,not_applicable,k12_alberta_reporting_authorities,k12_complete_pre_aro|k12_alberta_reporting_authorities,k12_2019_statement_of_operations,Total expenses less total amortization; exact source components in k12_components.csv,True,6511.467969,k12,expenses,683586.000000,headcount,final,k12_complete_pre_aro,k12_alberta_reporting_authorities,9525.455421,,k12_matched_headcount,k12_enrolment_2019,
k12_expenses_2020,k12_operating_expenses,2020,2020-21,7460.607392,actual,not_applicable,k12_alberta_reporting_authorities,k12_complete_pre_aro|k12_alberta_reporting_authorities,k12_2020_statement_of_operations,Total expenses less total amortization; exact source components in k12_components.csv,True,6553.166548,k12,expenses,671641.000000,headcount,final,k12_complete_pre_aro,k12_alberta_reporting_authorities,9756.948352,,k12_matched_headcount,k12_enrolment_2020,
k12_expenses_2021,k12_operating_expenses,2021,2021-22,7718.891331,actual,not_applicable,k12_alberta_reporting_authorities,k12_complete_pre_aro|k12_alberta_reporting_authorities,k12_2021_statement_of_operations,Total expenses less total amortization; exact source components in k12_components.csv,True,6571.139238,k12,expenses,679736.000000,headcount,final,k12_complete_pre_aro,k12_alberta_reporting_authorities,9667.193201,,k12_matched_headcount,k12_enrolment_2021,
k12_expenses_2022,k12_operating_expenses,2022,2022-23,8010.439318,actual,not_applicable,k12_without_valhalla,k12_2022_without_valhalla_aro|k12_without_valhalla,k12_2022_statement_of_operations,Total expenses less total amortization; exact source components in k12_components.csv,True,6407.343218,k12,expenses,700443.000000,headcount,final,k12_2022_without_valhalla_aro,k12_without_valhalla,9147.558356,,k12_matched_headcount,k12_enrolment_2022,Valhalla excluded to match the financial rollup.
k12_expenses_2023,k12_operating_expenses,2023,2023-24,8463.238670,actual,not_applicable,k12_alberta_reporting_authorities,k12_2023_complete_aro_draft_northland|k12_alberta_reporting_authorities,k12_2023_statement_of_operations,Total expenses less total amortization; exact source components in k12_components.csv,True,6555.013010,k12,expenses,726625.000000,headcount,final,k12_2023_complete_aro_draft_northland,k12_alberta_reporting_authorities,9021.177375,,k12_matched_headcount,k12_enrolment_2023,
postsec_grants_2012_ar2013,postsec_operating_grants,2012,2012-13,2223.784000,actual,not_applicable,alberta_public20_excluding_banff,,ae_ar_2013,"PDF p68, Funding Provided to Post-Secondary Institutions table, Operating Grants 2013 column, Total Public Post-Secondary Institutions minus Banff Centre; 20 institution rows reconcile within CAD2000 table rounding",True,2223.784000,postsec,grants,,FLE,,department_programs_2012_2013,,,No approved learner denominator for this period.,postsec_public20_approved_fle,,
postsec_grants_2013_ar2014,postsec_operating_grants,2013,2013-14,2138.075000,actual,not_applicable,alberta_public20_excluding_banff,,ae_ar_2014,"PDF p74, Funding Provided to Post-Secondary Institutions table, Operating Grants 2014 column, Total Public Post-Secondary Institutions minus Banff Centre; 20 institution rows reconcile within CAD2000 table rounding",True,2108.218251,postsec,grants,,FLE,,department_programs_2012_2013,,,No approved learner denominator for this period.,postsec_public20_approved_fle,,
postsec_grants_2014_ar2015,postsec_operating_grants,2014,2014-15,2139.437000,actual,not_applicable,alberta_public20_excluding_banff,,ae_ar_2015,"PDF p81, Funding Provided to Post-Secondary Institutions table, Operating Grants 2015 column, Total Public Post-Secondary Institutions minus Banff Centre; 20 institution rows reconcile within CAD2000 table rounding",True,2056.901987,postsec,grants,,FLE,,department_programs_2014_2021,,,No approved learner denominator for this period.,postsec_public20_approved_fle,,
postsec_grants_2015_ar2016,postsec_operating_grants,2015,2015-16,2242.513000,actual,not_applicable,alberta_public20_excluding_banff,department_programs_2014_2021|fle_2015_2016,ae_ar_2016,"PDF p49, Funding Provided to Post-Secondary Institutions table, Operating Grants 2016 column, Total Public Post-Secondary Institutions minus Banff Centre; 20 institution rows reconcile within CAD2000 table rounding",True,2131.813031,postsec,grants,159321.995000,FLE,final,department_programs_2014_2021,fle_2015_2016,13380.531868,,postsec_public20_approved_fle,alberta_lers_fle_2024_25,Olds College: Reporting cleanup at Olds College led to the removal of pre-packaged enrolments (which are not to be reported) in 2015-16.  This reporting change caused an artificial enrolment drop (~500 learners no longer reported).
postsec_grants_2016_ar2017,postsec_operating_grants,2016,2016-17,2325.794000,actual,not_applicable,alberta_public20_excluding_banff,department_programs_2014_2021|fle_2015_2016,ae_ar_2017,"PDF p56, Funding Provided to Post-Secondary Institutions table, Operating Grants 2017 column, Total Public Post-Secondary Institutions minus Banff Centre; 20 institution rows reconcile within CAD2000 table rounding",True,2186.452791,postsec,grants,162716.592000,FLE,final,department_programs_2014_2021,fle_2015_2016,13437.184030,,postsec_public20_approved_fle,alberta_lers_fle_2024_25,Keyano College: LERS had a significant decrease in enrolments at Keyano College due to wildfires.
postsec_grants_2017_ar2018,postsec_operating_grants,2017,2017-18,2372.439000,actual,not_applicable,alberta_public20_excluding_banff,department_programs_2014_2021|fle_2017,ae_ar_2018,"PDF p117, Funding Provided to Post-Secondary Institutions table, Operating Grants 2018 column, Total Public Post-Secondary Institutions minus Banff Centre; 20 institution rows reconcile within CAD2000 table rounding",True,2196.190800,postsec,grants,163546.425000,FLE,final,department_programs_2014_2021,fle_2017,13428.546668,,postsec_public20_approved_fle,alberta_lers_fle_2024_25,University of Alberta: The University of Alberta had a significant reporting change related to their thesis level graduate FLE enrolments. This change resulted in artificial FLE decreases to thesis enrolments compared to prior years.  
postsec_grants_2018_ar2019,postsec_operating_grants,2018,2018-19,2434.296000,actual,not_applicable,alberta_public20_excluding_banff,department_programs_2014_2021|fle_2018,ae_ar_2019,"PDF p79, Funding Provided to Post-Secondary Institutions table, Operating Grants 2019 column, Total Public Post-Secondary Institutions minus Banff Centre; 20 institution rows reconcile within CAD2000 table rounding",True,2200.562031,postsec,grants,167765.251000,FLE,final,department_programs_2014_2021,fle_2018,13116.911984,,postsec_public20_approved_fle,alberta_lers_fle_2024_25,Lethbridge College : Lethbridge College updated several program records to bring them into alignment with credit policies at their institution. This change resulted in significant FLE increases compared to prior years.
postsec_grants_2019_ar2019,postsec_operating_grants,2019,2019-20,2308.070000,actual,not_applicable,alberta_public20_excluding_banff,department_programs_2014_2021|fle_2019_2020,ae_ar_2019,"PDF p79, Funding Provided to Post-Secondary Institutions table, Operating Grants 2020 column, Total Public Post-Secondary Institutions minus Banff Centre; 20 institution rows reconcile within CAD2000 table rounding",True,2050.004871,postsec,grants,169301.627000,FLE,final,department_programs_2014_2021,fle_2019_2020,12108.595216,,postsec_public20_approved_fle,alberta_lers_fle_2024_25,System: The Active learner definition was standardized leading to learners (and enrolments) previously excluded now being included in LERS submissions. The Active Learner definition was updated to ensure consistent reporting of enrolments as of the time of the add deadline date. | Southern Alberta Institute of Technology: Reporting cleanup at SAIT resulted in learners taking courses from a program without enrolling in the program properly being reported in Open Studies (prior years allocated learners to the program the courses belonged to).
postsec_grants_2020_ar2021,postsec_operating_grants,2020,2020-21,2162.768000,actual,not_applicable,alberta_public20_excluding_banff,department_programs_2014_2021|fle_2019_2020,ae_ar_2021,"PDF p80, Funding Provided to Post-Secondary Institutions table, Operating Grants 2021 column, Total Public Post-Secondary Institutions minus Banff Centre; 20 institution rows reconcile within CAD2000 table rounding",True,1899.708451,postsec,grants,172486.024000,FLE,final,department_programs_2014_2021,fle_2019_2020,11013.694945,,postsec_public20_approved_fle,alberta_lers_fle_2024_25,
postsec_grants_2021_ar2022,postsec_operating_grants,2021,2021-22,2029.040000,actual,not_applicable,alberta_public20_excluding_banff,department_programs_2014_2021|fle_2021,ae_ar_2022,"PDF p75, Funding Provided to Post-Secondary Institutions table, Operating Grants 2022 column, Total Public Post-Secondary Institutions minus Banff Centre; 20 institution rows reconcile within CAD2000 table rounding",True,1727.334119,postsec,grants,176694.199000,FLE,final,department_programs_2014_2021,fle_2021,9775.839439,,postsec_public20_approved_fle,alberta_lers_fle_2024_25,"Athabasca University: Athabasca University shifted from reporting by effective program students to program students. Previously, learners were reported in Open Studies until after they had taken at least six credits toward their program (i.e., effective program students).Beginning with 2021-2022 learners are reported in the programs they enroll in, irrespective of the credits taken. This change will reduce enrolments reported in open studies and increase those in each program. | Mount Royal University: Mount Royal University moved from a July-June reporting year to May-April.  To ensure consistent 12 month reporting, the spring session from the 2020-21 submission was re-reported in the 2021-22 LERS submission. | Northern Alberta Institute of Technology: Northern Alberta Institute of Technology moved from a July-June reporting year to May-April.  To ensure consistent 12 month reporting, the spring session from the 2020-21 submission was re-reported in the 2021-22 LERS submission. | Southern Alberta Institute of Technology: Southern Alberta Institute of Technology moved from a July-June reporting year to May-April.  To ensure consistent 12 month reporting, the spring session from the 2020-21 submission was re-reported in the 2021-22 LERS submission. | Red Deer Polytechnic: In July 2021, Red Deer College was renamed Red Deer Polytechnic and moved from the CCC sector to the Poly Sector.  For longitudinal reporting purposes, all historical data is presented using  the new name and sector allocation.  | Mount Royal University: Mount Royal University updated its LERS Academic Year to align with Fiscal Reporting for 2021-22 forward.  To ensure consistent reporting, the 2021 spring session has been reported in both the 2020-21 and 2021-22 academic years. | Northern Alberta Institute of Technology: Northern Alberta Institute of Technology updated its LERS Academic Year to align with Fiscal Reporting for 2021-22 forward.  To ensure consistent reporting, the 2021 spring session has been reported in both the 2020-21 and 2021-22 academic years. | Portage College: In 2021-22 and 2022-23, Portage College includes enrolments related to public-private partnership agreements. The inclusion of these enrolments result in significant increases in both FLE and learners reported in these years.  With the college teaching out these programs, it is expected that these enrolments will decline over the next year. | Southern Alberta Institute of Technology: Southern Alberta Institute of Technology updated its LERS Academic Year to align with Fiscal Reporting for 2021-22 forward.  To ensure consistent reporting, the 2021 spring session has been reported in both the 2020-21 and 2021-22 academic years."
postsec_grants_2022_ar2023,postsec_operating_grants,2022,2022-23,1950.820000,actual,not_applicable,alberta_public20_excluding_banff,department_programs_2022_onward|fle_2022,ae_ar_2023,"PDF p121, Funding Provided to Post-Secondary Institutions table, Operating Grants 2023 column, Total Public Post-Secondary Institutions minus Banff Centre; 20 institution rows reconcile within CAD2000 table rounding",True,1560.410459,postsec,grants,184886.788000,FLE,final,department_programs_2022_onward,fle_2022,8439.815934,,postsec_public20_approved_fle,alberta_lers_fle_2024_25,"Northwestern Polytechnic: In 2022-23, Grande Prairie Regional College updated its name to Northwestern Polytechnic and moved from the CCC sector to the Poly Sector. For longitudinal reporting purposes, all historical data is presented using  the new name and sector allocation.  | Northwestern Polytechnic: Northwestern Polytechnic has updated its LERS reporting period to align with its updated fiscal year for 2022-23 forward. This resulted in their LERS reporting year moving from July 1st to June 30th to a May 1st to April 30th reporting period. As a result, Spring 2022 enrolments have been reported in both 2021‐22 and 2022‐23 LERS reporting periods. Due to this change, caution should be used for longitudinal analysis. | Lakeland College: Lakeland College has updated its LERS reporting period to align with its updated fiscal year for 2022-23 forward. This resulted in their LERS reporting year moving from July 1st to June 30th to a May 1st to April 30th reporting period. As a result, Spring 2022 enrolments have been reported in both 2021‐22 and 2022‐23 LERS reporting periods. Due to this change, caution should be used for longitudinal analysis."
postsec_grants_2023_ar2024,postsec_operating_grants,2023,2023-24,2010.490000,actual,not_applicable,alberta_public20_excluding_banff,,ae_ar_2024,"PDF p104, Funding Provided to Post-Secondary Institutions table, Operating Grants 2024 column, Total Public Post-Secondary Institutions minus Banff Centre; 20 institution rows reconcile within CAD2000 table rounding",True,1557.180250,postsec,grants,199595.905000,FLE,final,department_programs_2022_onward,fle_2023_ineligible,,"Keyano College: The significant increase in enrolments at Keyano College can be attributed the college's continuous efforts in international student recruitment. | Lakeland College: Lakeland College changed its LERS reporting period to align with its updated fiscal year in 2022-23. As a result, the institution shifted from a 4-session to a 3-session reporting structure for 2023-24 LERS reporting. | Lethbridge College: Lethbridge College will become Lethbridge Polytechnic in the 2024-25 academic year. As all data in these tables precedes this change, the changes will not appear in this file. | NorQuest College: In 2022-23, NorQuest College incorrectly reported learners from Ukraine that have expedited visas with a “Permanent Resident” Legal Status; this over‐reported the number of domestic learners by around 500 learners among English as a Second Language programming. For 2023‐24 reporting and future reporting, these learners were coded as “Other Visa”. | Northwestern Polytechnic: Northwestern Polytechnic changed its LERS reporting period to align with its updated fiscal year in 2022-23. As a result, the institution shifted from a 4-session to a 3-session reporting structure for 2023-24 LERS reporting forward. | Portage College: Portage College is in the process of teaching out programming that is being offered through partnerships with two private institutions. The significant drop in international learners at the college is a result of these offerings being taught out over the year. | University of Calgary: In 2023-24, the University of Calgary moved course-based graduate students to term based registration (previously an annual registration). In order to ensure accurate reporting to correctly reflect this change in our enrolment policy, a review of program records in PAPRS was completed. Changes included full load updates, administrative updates and PAPRS corrections. The adjustments resulted in an increase in FLEs in a number of programs where the FLE counts were previously underreported. | University of Alberta: Graduate level thesis FLE at the University of Alberta continues to be over reported in the 2023-24 submission. The U of A has committed to ensuring this is resolved in time for the 2024-25 LERS submission.",postsec_public20_approved_fle,alberta_lers_fle_2024_25,"Keyano College: The significant increase in enrolments at Keyano College can be attributed the college's continuous efforts in international student recruitment. | Lakeland College: Lakeland College changed its LERS reporting period to align with its updated fiscal year in 2022-23. As a result, the institution shifted from a 4-session to a 3-session reporting structure for 2023-24 LERS reporting. | Lethbridge College: Lethbridge College will become Lethbridge Polytechnic in the 2024-25 academic year. As all data in these tables precedes this change, the changes will not appear in this file. | NorQuest College: In 2022-23, NorQuest College incorrectly reported learners from Ukraine that have expedited visas with a “Permanent Resident” Legal Status; this over‐reported the number of domestic learners by around 500 learners among English as a Second Language programming. For 2023‐24 reporting and future reporting, these learners were coded as “Other Visa”. | Northwestern Polytechnic: Northwestern Polytechnic changed its LERS reporting period to align with its updated fiscal year in 2022-23. As a result, the institution shifted from a 4-session to a 3-session reporting structure for 2023-24 LERS reporting forward. | Portage College: Portage College is in the process of teaching out programming that is being offered through partnerships with two private institutions. The significant drop in international learners at the college is a result of these offerings being taught out over the year. | University of Calgary: In 2023-24, the University of Calgary moved course-based graduate students to term based registration (previously an annual registration). In order to ensure accurate reporting to correctly reflect this change in our enrolment policy, a review of program records in PAPRS was completed. Changes included full load updates, administrative updates and PAPRS corrections. The adjustments resulted in an increase in FLEs in a number of programs where the FLE counts were previously underreported. | University of Alberta: Graduate level thesis FLE at the University of Alberta continues to be over reported in the 2023-24 submission. The U of A has committed to ensuring this is resolved in time for the 2024-25 LERS submission."
postsec_grants_2024_ar2024,postsec_operating_grants,2024,2024-25,2085.226000,actual,not_applicable,alberta_public20_excluding_banff,,ae_ar_2024,"PDF p104, Funding Provided to Post-Secondary Institutions table, Operating Grants 2025 column, Total Public Post-Secondary Institutions minus Banff Centre; 20 institution rows reconcile within CAD2000 table rounding",True,1569.166516,postsec,grants,211942.139000,FLE,final,department_programs_2022_onward,fle_2024_ineligible,,"Athabasca University: Athabasca University updated their LERS reporting period from a calendar year to a May through April reporting period (to align with other post-secondary reporting). To ensure no enrolments went unreported, this reporting change resulted in the university having to report one additional session in the transition year (January 2024 – April 2025). Therefore, this transition year has created an artificial increase to the institutional, sector and system enrolments. The inclusion of the ""extra"" Spring 2024 session adds an additional 3,200 FLE and 7,500 learners to what the university would have reported during the 12-month period. This is a one-year anomaly to ensure no enrolments went unreported and future LERS reporting cycles will follow the May – April reporting period. | Lethbridge Polytechnic: Lethbridge College became Lethbridge Polytechnic in the 2024/25 academic year, moving from the CCC sector to the POLY sector. To ensure longitudinal analysis, all reporting will use the new name and sector allocation. | Makami College: MaKami College first reported LERS enrolments in 2024/25 and the inclusion of their enrolment data will impact longitudinal analysis at the IAI sector and system level, as both these totals will show increases of around 1,700 FLE and learners due to MaKami College first reporting in 2024/25. | NorQuest College: NorQuest College updated their LERS Academic Year to align with Fiscal Reporting for 2024-25 forward.  To ensure consistent reporting, the 2024 spring session has been reported in both the 2023-24 and 2024-25 academic years. | University of Alberta: University of Alberta worked to update their thesis program records in 2024/25 (correcting the issue of over-reporting FLE), which resulted in a slight drop in FLEs among Graduate programs. Along with this change, the University of Alberta began to report course and thesis based graduate programming separately.",postsec_public20_approved_fle,alberta_lers_fle_2024_25,"Athabasca University: Athabasca University updated their LERS reporting period from a calendar year to a May through April reporting period (to align with other post-secondary reporting). To ensure no enrolments went unreported, this reporting change resulted in the university having to report one additional session in the transition year (January 2024 – April 2025). Therefore, this transition year has created an artificial increase to the institutional, sector and system enrolments. The inclusion of the ""extra"" Spring 2024 session adds an additional 3,200 FLE and 7,500 learners to what the university would have reported during the 12-month period. This is a one-year anomaly to ensure no enrolments went unreported and future LERS reporting cycles will follow the May – April reporting period. | Lethbridge Polytechnic: Lethbridge College became Lethbridge Polytechnic in the 2024/25 academic year, moving from the CCC sector to the POLY sector. To ensure longitudinal analysis, all reporting will use the new name and sector allocation. | Makami College: MaKami College first reported LERS enrolments in 2024/25 and the inclusion of their enrolment data will impact longitudinal analysis at the IAI sector and system level, as both these totals will show increases of around 1,700 FLE and learners due to MaKami College first reporting in 2024/25. | NorQuest College: NorQuest College updated their LERS Academic Year to align with Fiscal Reporting for 2024-25 forward.  To ensure consistent reporting, the 2024 spring session has been reported in both the 2023-24 and 2024-25 academic years. | University of Alberta: University of Alberta worked to update their thesis program records in 2024/25 (correcting the issue of over-reporting FLE), which resulted in a slight drop in FLEs among Graduate programs. Along with this change, the University of Alberta began to report course and thesis based graduate programming separately."
postsec_ug3_expenses_2023,postsec_operating_expenses,2023,2023-24,502.428000,actual,not_applicable,postsec_undergrad3,ug3_fiscal_2023_2024|ug3_fiscal_2023_2024,postsec_ug3_2024_25_financials,Components in undergraduate3_expense_components.csv; sum all 3 expense totals less tangible/intangible amortization and separately identified capital disposal loss,True,389.144417,postsec,expenses,26056.497000,FLE,final,ug3_fiscal_2023_2024,ug3_fiscal_2023_2024,14934.640555,,postsec_undergrad3_fle,alberta_lers_fle_2024_25,"Same 3 institutions as expense numerator. 12-month institutional fiscal periods; MRU/MacEwan end March 31 and AUArts June 30. Academic-year cycles align by start-year label, not exact month. These 3 have no 2023/2024 reporting-change entries in current LERS workbook."
postsec_ug3_expenses_2024,postsec_operating_expenses,2024,2024-25,540.755000,actual,not_applicable,postsec_undergrad3,ug3_fiscal_2023_2024|ug3_fiscal_2023_2024,postsec_ug3_2024_25_financials,Components in undergraduate3_expense_components.csv; sum all 3 expense totals less tangible/intangible amortization and separately identified capital disposal loss,True,406.926942,postsec,expenses,27463.219000,FLE,final,ug3_fiscal_2023_2024,ug3_fiscal_2023_2024,14817.161163,,postsec_undergrad3_fle,alberta_lers_fle_2024_25,"Same 3 institutions as expense numerator. 12-month institutional fiscal periods; MRU/MacEwan end March 31 and AUArts June 30. Academic-year cycles align by start-year label, not exact month. These 3 have no 2023/2024 reporting-change entries in current LERS workbook."
