denominator_id,year,period,learners,unit,status,coverage_id,source_id,locator
k12_matched_headcount,2016,2016-17,651697,headcount,final,k12_alberta_reporting_authorities,k12_enrolment_2016,'Alberta Authority Enrolment Dat': sum Total column for admitted authority rows; row-by-row cells in k12_authority_enrolment.csv
k12_matched_headcount,2017,2017-18,664929,headcount,final,k12_alberta_reporting_authorities,k12_enrolment_2017,'Alberta Authority Enrolment Dat': sum Total column for admitted authority rows; row-by-row cells in k12_authority_enrolment.csv
k12_matched_headcount,2018,2018-19,673765,headcount,final,k12_alberta_reporting_authorities,k12_enrolment_2018,'Alberta Authority Enrolment Dat': sum Total column for admitted authority rows; row-by-row cells in k12_authority_enrolment.csv
k12_matched_headcount,2019,2019-20,683586,headcount,final,k12_alberta_reporting_authorities,k12_enrolment_2019,'Alberta Authority Enrolment Dat': sum Total column for admitted authority rows; row-by-row cells in k12_authority_enrolment.csv
k12_matched_headcount,2020,2020-21,671641,headcount,final,k12_alberta_reporting_authorities,k12_enrolment_2020,'Authority Enrolment Data': sum Total column for admitted authority rows; row-by-row cells in k12_authority_enrolment.csv
k12_matched_headcount,2021,2021-22,679736,headcount,final,k12_alberta_reporting_authorities,k12_enrolment_2021,'Alberta Authority Enrolment Dat': sum Total column for admitted authority rows; row-by-row cells in k12_authority_enrolment.csv
k12_matched_headcount,2022,2022-23,700443,headcount,final,k12_without_valhalla,k12_enrolment_2022,'Alberta Authority Enrolment Dat': sum Total column for admitted authority rows; row-by-row cells in k12_authority_enrolment.csv
k12_matched_headcount,2023,2023-24,726625,headcount,final,k12_alberta_reporting_authorities,k12_enrolment_2023,'Alberta Authority Enrolment Dat': sum Total column for admitted authority rows; row-by-row cells in k12_authority_enrolment.csv
k12_matched_headcount,2024,2024-25,748521,headcount,final,k12_alberta_reporting_authorities,k12_enrolment_2024,'Alberta Authority Enrolment Dat': sum Total column for admitted authority rows; row-by-row cells in k12_authority_enrolment.csv
k12_matched_headcount,2025,2025-26,754880,headcount,preliminary,k12_alberta_reporting_authorities,k12_enrolment_2025,'Alberta Authority Enrolment Dat': sum Total column for admitted authority rows; row-by-row cells in k12_authority_enrolment.csv
