index,authority_code,name,headcount,status,schedule_pdf_page,operations_pdf_page,total_expenses_cad,amortization_cad,expenses_excluding_amortization_cad,audit_qualified_marker,error
0,0395,Alberta Classical Academy Ltd.,1284,extracted,14,6,20298390,1338346,18960044,False,
1,6021,Almadina School Society,1391,extracted,14,6,17823634,728314,17095320,False,
2,2125,The Aspen View School Division,2639,extracted,14,6,45472989,2867808,42605181,False,
3,6020,Aurora School Ltd.,1211,extracted,14,6,16751641,1596035,15155606,False,
4,2285,The Battle River School Division,5841,extracted,14,6,82978047,4410375,78567672,False,
5,2245,The Black Gold School Division,13487,extracted,14,6,162651220,9911911,152739309,False,
6,6017,Boyle Street Education Centre,173,extracted,15,6,4190562,6028,4184534,False,
7,1155,The Buffalo Trail School Division,3749,extracted,14,6,59512908,3246102,56266806,False,
8,0151,Calgary Arts Academy Society,643,extracted,14,6,7813724,584811,7228913,False,
9,0152,Calgary Girls' School Society,516,extracted,14,6,7063368,127353,6936015,False,
10,4010,The Calgary Roman Catholic Separate School Division,63410,extracted,14,6,711219921,30350742,680869179,False,
11,3030,The Calgary School Division,142511,extracted,18,10,1643348000,95785000,1547563000,False,
12,3065,The Canadian Rockies School Division,2094,extracted,14,6,36612137,2818682,33793455,False,
13,6019,CAPE - Centre for Academic and Personal Excellence Institute,292,extracted,15,7,3887134,241459,3645675,False,
14,0053,The Chinook's Edge School Division,11236,extracted,15,7,148245584,7381230,140864354,False,
15,4208,The Christ the Redeemer Catholic Separate School Division,10389,extracted,14,6,111470677,5688524,105782153,False,
16,0052,The Clearview School Division,2441,extracted,15,7,37457697,2802288,34655409,False,
17,0045,The Connect Charter School Society,624,extracted,14,6,9394032,496666,8897366,False,
18,4330,The East Central Alberta Catholic Separate School Division,2644,extracted,14,6,28449703,2755759,25693944,False,
19,8060,The East Central Francophone Education Region,801,extracted,14,6,19113385,1154763,17958622,False,
20,0110,The Edmonton Catholic Separate School Division,50013,extracted,16,8,611583308,22643135,588940173,False,
21,3020,The Edmonton School Division,120918,extracted,15,7,1350130710,64278167,1285852543,False,
22,0046,The Elk Island Catholic Separate School Division,9229,extracted,14,6,87930816,5596728,82334088,False,
23,2195,The Elk Island School Division,17939,extracted,14,6,212493623,6992123,205501500,False,
24,0048,The Evergreen Catholic Separate School Division,4255,extracted,14,6,48988384,3006940,45981444,False,
25,0009,Foundations for the Future Charter Academy Charter School Society,4161,extracted,14,6,52348932,2372590,49976342,False,
26,1180,The Foothills School Division,7931,extracted,14,6,100210149,6555060,93655089,False,
27,0257,Footprints for Learning,499,extracted,14,6,4712541,83245,4629296,False,
28,4160,The Fort McMurray Roman Catholic Separate School Division,7015,extracted,15,7,92776068,4616932,88159136,False,
29,3260,The Fort McMurray School Division,8144,extracted,14,6,111362116,10773212,100588904,False,
30,1250,The Fort Vermilion School Division,4124,extracted,14,6,63087921,4571810,58516111,False,
31,2485,Fusion Education Association,92,extracted,14,6,1444186,34852,1409334,False,
32,2155,The Golden Hills School Division,8742,extracted,14,6,105241758,6687838,98553920,False,
33,4130,The Grande Prairie Roman Catholic Separate School Division,5412,extracted,12,6,78815619,7205469,71610150,False,
34,3240,The Grande Prairie School Division,8897,extracted,14,6,120038039,9141261,110896778,False,
35,1085,The Grande Yellowhead School Division,4539,extracted,14,6,70514884,3465987,67048897,False,
36,2045,The Grasslands School Division,3548,extracted,14,6,53502351,2840436,50661915,False,
37,8040,The Greater North Central Francophone Education Region,4571,extracted,14,6,81937151,5494391,76442760,False,
38,4077,The Greater St. Albert Roman Catholic Separate School Division,5735,extracted,14,6,73200846,4505260,68695586,False,
39,2487,Gwynne Valley Rural Education Association,104,extracted,14,6,1935516,84811,1850705,False,
40,1220,The High Prairie School Division,2917,extracted,14,6,50460025,2471248,47988777,False,
41,0399,Holden Rural Academy Society,123,extracted,14,6,2286620,63973,2222647,False,
42,0021,The Holy Family Catholic Separate School Division,1867,extracted,14,6,37206484,2596771,34609713,False,
43,4481,The Holy Spirit Roman Catholic Separate School Division,5577,extracted,16,8,70391192,4538492,65852700,False,
44,1045,The Horizon School Division,3495,extracted,14,6,54507143,3083359,51423784,False,
45,4105,The Lakeland Roman Catholic Separate School Division,2708,extracted,14,6,42511413,2261513,40249900,False,
46,3040,The Lethbridge School Division,12279,extracted,14,6,148686908,7541490,141145418,False,
47,1135,The Livingstone Range School Division,3747,extracted,14,7,57901829,4712591,53189238,False,
48,0047,The Living Waters Catholic Separate School Division,1783,extracted,14,6,29243920,3214750,26029170,False,
49,4501,The Medicine Hat Roman Catholic Separate School Division,2963,extracted,14,6,39756074,2008993,37747081,False,
50,3050,The Medicine Hat School Division,6837,extracted,14,6,95180765,4996265,90184500,False,
51,6015,New Horizons Charter School Society,441,extracted,14,6,5243464,368351,4875113,False,
52,0369,New Humble Community School Association,179,extracted,14,6,2378442,47923,2330519,False,
53,2275,The Northern Gateway School Division,4773,extracted,14,6,72256062,4030836,68225226,False,
54,1245,The Northern Lights School Division,5954,extracted,14,6,95744321,5321122,90423199,False,
55,1280,The Northland School Division,1545,extracted,14,6,65931413,5142207,60789206,False,
56,8050,The Northwest Francophone Education Region,475,extracted,14,6,14432861,1680063,12752798,False,
57,2255,The Palliser School Division,9660,extracted,16,7,118325559,5701230,112624329,False,
58,2305,The Parkland School Division,12776,extracted,14,6,155763311,7931072,147832239,False,
59,0177,The Peace Wapiti School Division,6333,extracted,14,6,93705796,5601809,88103987,False,
60,1070,The Peace River School Division,3081,extracted,14,6,59400339,4247627,55152712,False,
61,1175,The Pembina Hills School Division,5335,extracted,14,6,70142156,3031529,67110627,False,
62,1115,The Prairie Land School Division,3782,extracted,14,6,44659259,3248367,41410892,False,
63,0195,The Prairie Rose School Division,3863,extracted,14,6,62862112,3221187,59640925,False,
64,0019,The Red Deer Catholic Separate School Division,10637,extracted,15,7,117865809,8370415,109495394,False,
65,3070,The Red Deer School Division,11388,extracted,15,7,138124535,7242885,130881650,False,
66,1190,The Rocky View School Division,29225,extracted,14,6,332764060,15821723,316942337,False,
67,0284,The Southern Francophone Education Region,3990,extracted,14,6,69191317,5764672,63426645,False,
68,7020,The St. Albert School Division,9823,extracted,14,6,111095696,5718818,105376878,False,
69,2185,The St. Paul School Division,3633,extracted,14,6,59760540,3799423,55961117,False,
70,0020,The St. Thomas Aquinas Roman Catholic Separate School Division,4908,extracted,14,6,59196510,2989330,56207180,False,
71,0400,STEM Collegiate Canada Society,360,extracted,14,6,7677265,1226674,6450591,False,
72,0370,STEM Innovation Academy Society,1154,extracted,14,6,15229722,687405,14542317,False,
73,1110,The Sturgeon School Division,5223,extracted,14,6,79404537,4911341,74493196,False,
74,0012,Suzuki Charter School Society,420,extracted,14,6,4759413,132077,4627336,False,
75,2473,Thrive Charter School Society,168,extracted,18,9,3843410,202136,3641274,False,
76,0224,Valhalla School Foundation,71,extracted,14,6,1605400,59928,1545472,True,
77,0109,Westmount Charter School Society,1316,extracted,14,6,16876895,376621,16500274,False,
78,0056,The Westwind School Division,4621,extracted,14,6,63219517,4456656,58762861,False,
79,2115,The Wetaskiwin School Division,3268,extracted,14,6,57088664,3441439,53647225,False,
80,1325,The Wild Rose School Division,4577,extracted,13,6,68506955,4386389,64120566,False,
81,2638,The WISE Charter Society,186,extracted,14,6,2633866,11569,2622297,False,
82,0054,The Wolf Creek School Division,7816,extracted,14,6,100194561,5266747,94927814,False,
