REF_DATE,VECTOR,GEO,Products and product groups,VALUE
2016-09,v41692327,Alberta,All-items,135.3
2016-10,v41692327,Alberta,All-items,135.8
2016-11,v41692327,Alberta,All-items,135.0
2016-12,v41692327,Alberta,All-items,134.9
2017-01,v41692327,Alberta,All-items,137.0
2017-02,v41692327,Alberta,All-items,136.7
2017-03,v41692327,Alberta,All-items,136.8
2017-04,v41692327,Alberta,All-items,137.4
2017-05,v41692327,Alberta,All-items,137.2
2017-06,v41692327,Alberta,All-items,136.9
2017-07,v41692327,Alberta,All-items,137.0
2017-08,v41692327,Alberta,All-items,137.4
2017-09,v41692327,Alberta,All-items,137.0
2017-10,v41692327,Alberta,All-items,137.6
2017-11,v41692327,Alberta,All-items,138.4
2017-12,v41692327,Alberta,All-items,137.6
2018-01,v41692327,Alberta,All-items,138.9
2018-02,v41692327,Alberta,All-items,139.7
2018-03,v41692327,Alberta,All-items,139.9
2018-04,v41692327,Alberta,All-items,140.6
2018-05,v41692327,Alberta,All-items,140.7
2018-06,v41692327,Alberta,All-items,140.7
2018-07,v41692327,Alberta,All-items,141.8
2018-08,v41692327,Alberta,All-items,141.6
2018-09,v41692327,Alberta,All-items,141.1
2018-10,v41692327,Alberta,All-items,141.4
2018-11,v41692327,Alberta,All-items,140.7
2018-12,v41692327,Alberta,All-items,140.5
2019-01,v41692327,Alberta,All-items,140.5
2019-02,v41692327,Alberta,All-items,142.0
2019-03,v41692327,Alberta,All-items,143.1
2019-04,v41692327,Alberta,All-items,143.7
2019-05,v41692327,Alberta,All-items,144.0
2019-06,v41692327,Alberta,All-items,142.7
2019-07,v41692327,Alberta,All-items,143.6
2019-08,v41692327,Alberta,All-items,143.4
2019-09,v41692327,Alberta,All-items,142.9
2019-10,v41692327,Alberta,All-items,143.6
2019-11,v41692327,Alberta,All-items,143.6
2019-12,v41692327,Alberta,All-items,143.7
2020-01,v41692327,Alberta,All-items,144.7
2020-02,v41692327,Alberta,All-items,145.5
2020-03,v41692327,Alberta,All-items,144.1
2020-04,v41692327,Alberta,All-items,143.0
2020-05,v41692327,Alberta,All-items,144.1
2020-06,v41692327,Alberta,All-items,145.0
2020-07,v41692327,Alberta,All-items,144.9
2020-08,v41692327,Alberta,All-items,144.2
2020-09,v41692327,Alberta,All-items,145.0
2020-10,v41692327,Alberta,All-items,145.2
2020-11,v41692327,Alberta,All-items,145.4
2020-12,v41692327,Alberta,All-items,144.8
2021-01,v41692327,Alberta,All-items,145.8
2021-02,v41692327,Alberta,All-items,146.4
2021-03,v41692327,Alberta,All-items,146.9
2021-04,v41692327,Alberta,All-items,147.7
2021-05,v41692327,Alberta,All-items,148.6
2021-06,v41692327,Alberta,All-items,148.9
2021-07,v41692327,Alberta,All-items,150.3
2021-08,v41692327,Alberta,All-items,151.0
2021-09,v41692327,Alberta,All-items,150.8
2021-10,v41692327,Alberta,All-items,151.5
2021-11,v41692327,Alberta,All-items,151.6
2021-12,v41692327,Alberta,All-items,151.7
2022-01,v41692327,Alberta,All-items,152.8
2022-02,v41692327,Alberta,All-items,154.5
2022-03,v41692327,Alberta,All-items,156.5
2022-04,v41692327,Alberta,All-items,157.0
2022-05,v41692327,Alberta,All-items,159.2
2022-06,v41692327,Alberta,All-items,161.4
2022-07,v41692327,Alberta,All-items,161.4
2022-08,v41692327,Alberta,All-items,160.0
2022-09,v41692327,Alberta,All-items,160.1
2022-10,v41692327,Alberta,All-items,161.8
2022-11,v41692327,Alberta,All-items,161.6
2022-12,v41692327,Alberta,All-items,160.8
2023-01,v41692327,Alberta,All-items,160.5
2023-02,v41692327,Alberta,All-items,160.1
2023-03,v41692327,Alberta,All-items,161.7
2023-04,v41692327,Alberta,All-items,163.7
2023-05,v41692327,Alberta,All-items,164.1
2023-06,v41692327,Alberta,All-items,164.4
2023-07,v41692327,Alberta,All-items,166.0
2023-08,v41692327,Alberta,All-items,166.8
2023-09,v41692327,Alberta,All-items,166.0
2023-10,v41692327,Alberta,All-items,165.2
2023-11,v41692327,Alberta,All-items,165.6
2023-12,v41692327,Alberta,All-items,165.6
2024-01,v41692327,Alberta,All-items,165.9
2024-02,v41692327,Alberta,All-items,166.8
2024-03,v41692327,Alberta,All-items,167.3
2024-04,v41692327,Alberta,All-items,168.6
2024-05,v41692327,Alberta,All-items,169.1
2024-06,v41692327,Alberta,All-items,169.4
2024-07,v41692327,Alberta,All-items,170.4
2024-08,v41692327,Alberta,All-items,170.2
2024-09,v41692327,Alberta,All-items,169.2
2024-10,v41692327,Alberta,All-items,170.1
2024-11,v41692327,Alberta,All-items,170.2
2024-12,v41692327,Alberta,All-items,169.7
2025-01,v41692327,Alberta,All-items,170.1
2025-02,v41692327,Alberta,All-items,171.4
2025-03,v41692327,Alberta,All-items,172.0
2025-04,v41692327,Alberta,All-items,171.1
2025-05,v41692327,Alberta,All-items,171.9
2025-06,v41692327,Alberta,All-items,172.3
2025-07,v41692327,Alberta,All-items,172.6
2025-08,v41692327,Alberta,All-items,172.6
2025-09,v41692327,Alberta,All-items,172.4
2025-10,v41692327,Alberta,All-items,173.2
2025-11,v41692327,Alberta,All-items,173.4
2025-12,v41692327,Alberta,All-items,173.3
2026-01,v41692327,Alberta,All-items,173.5
2026-02,v41692327,Alberta,All-items,174.4
2026-03,v41692327,Alberta,All-items,175.9
2026-04,v41692327,Alberta,All-items,176.6
2026-05,v41692327,Alberta,All-items,178.3
2026-06,v41692327,Alberta,All-items,178.2
2026-07,v41692327,Alberta,All-items,179.8
2026-08,v41692327,Alberta,All-items,179.2
