code,name,category,headcount_2024_25,headcount_2025_26,change,growth,roster_status
0009,Foundations for the Future Charter Academy Charter School Society,Charter,4161,4258,97,0.02331170391732762,matched
0012,Suzuki Charter School Society,Charter,420,438,18,0.04285714285714293,matched
0019,The Red Deer Catholic Separate School Division,Separate,10637,10608,-29,-0.002726332612578708,matched
0020,The St. Thomas Aquinas Roman Catholic Separate School Division ,Separate,4908,4949,41,0.008353708231458867,matched
0021,The Holy Family Catholic Separate School Division,Separate,1867,1854,-13,-0.0069630423138725694,matched
0045,Connect Charter School Society,Charter,624,624,0,0.0,matched
0046,The Elk Island Catholic Separate School Division,Separate,9229,9356,127,0.013760970852746857,matched
0047,The Living Waters Catholic Separate School Division,Separate,1783,1803,20,0.011217049915872135,matched
0048,The Evergreen Catholic Separate School Division,Separate,4255,4255,0,0.0,matched
0052,The Clearview School Division,Public,2441,2388,-53,-0.02171241294551418,matched
0053,The Chinook's Edge School Division,Public,11236,11162,-74,-0.0065859736561053595,matched
0054,The Wolf Creek School Division,Public,7816,7691,-125,-0.015992835209825973,matched
0056,The Westwind School Division,Public,4621,4504,-117,-0.025319194979441684,matched
0109,Westmount Charter School Society,Charter,1316,1334,18,0.013677811550151908,matched
0110,The Edmonton Catholic Separate School Division,Separate,50013,51029,1016,0.020314718173275015,matched
0151,Calgary Arts Academy Society,Charter,643,663,20,0.031104199066874116,matched
0152,Calgary Girls' School Society,Charter,516,572,56,0.10852713178294571,matched
0177,The Peace Wapiti School Division,Public,6333,6356,23,0.003631770093162734,matched
0195,The Prairie Rose School Division,Public,3863,5708,1845,0.4776080766243851,matched
0224,Valhalla School Foundation,Charter,71,79,8,0.11267605633802824,matched
0257,Footprints for Learning Society,Charter,499,531,32,0.06412825651302612,matched
0284,The Southern Francophone Education Region,Francophone,3990,4261,271,0.06791979949874682,matched
0369,New Humble Community School Association,Charter,179,202,23,0.12849162011173187,matched
0370,STEM Innovation Academy Society,Charter,1154,1676,522,0.4523396880415944,matched
0395,Alberta Classical Academy Ltd.,Charter,1284,1482,198,0.1542056074766356,matched
0399,Holden Rural Academy Society,Charter,123,132,9,0.07317073170731714,matched
0400,STEM Collegiate Canada Society,Charter,360,483,123,0.34166666666666656,matched
1045,The Horizon School Division,Public,3495,3520,25,0.007153075822603716,matched
1070,The Peace River School Division,Public,3081,2950,-131,-0.042518662771827365,matched
1085,The Grande Yellowhead School Division,Public,4539,4450,-89,-0.019607843137254943,matched
1110,The Sturgeon School Division,Public,5223,5049,-174,-0.033314187248707605,matched
1115,The Prairie Land School Division,Public,3782,4380,598,0.15811739820200943,matched
1135,The Livingstone Range School Division,Public,3747,3697,-50,-0.013344008540165486,matched
1155,The Buffalo Trail School Division,Public,3749,3670,-79,-0.0210722859429181,matched
1175,The Pembina Hills School Division,Public,5335,5507,172,0.032239925023430205,matched
1180,The Foothills School Division,Public,7931,7623,-308,-0.03883495145631066,matched
1190,The Rocky View School Division,Public,29225,29459,234,0.008006843455945267,matched
1220,The High Prairie School Division,Public,2917,2783,-134,-0.04593760713061368,matched
1245,The Northern Lights School Division,Public,5954,5758,-196,-0.0329190460194827,matched
1250,The Fort Vermilion School Division,Public,4124,4317,193,0.046799224054316246,matched
1280,The Northland School Division,Public,1545,1525,-20,-0.012944983818770184,matched
1325,The Wild Rose School Division ,Public,4577,4471,-106,-0.023159274634039773,matched
2045,The Grasslands School Division,Public,3548,3366,-182,-0.05129650507328076,matched
2115,The Wetaskiwin School Division,Public,3268,3135,-133,-0.04069767441860461,matched
2125,The Aspen View School Division,Public,2639,2496,-143,-0.054187192118226646,matched
2155,The Golden Hills School Division,Public,8742,8648,-94,-0.010752688172043001,matched
2185,The St. Paul School Division,Public,3633,3618,-15,-0.004128819157720898,matched
2195,The Elk Island School Division,Public,17939,17731,-208,-0.011594849211215785,matched
2245,The Black Gold School Division ,Public,13487,13610,123,0.009119893230518317,matched
2255,The Palliser School Division,Public,9660,8240,-1420,-0.14699792960662528,matched
2275,The Northern Gateway School Division,Public,4773,4736,-37,-0.007751937984496138,matched
2285,The Battle River School Division ,Public,5841,5650,-191,-0.032699880157507244,matched
2305,The Parkland School Division,Public,12776,12793,17,0.0013306199123357398,matched
2473,Thrive Charter School Society,Charter,168,170,2,0.011904761904761862,matched
2485,Fusion Education Association,Charter,92,300,208,2.260869565217391,matched
2487,Gwynne Valley Rural Education Association,Charter,104,128,24,0.23076923076923084,matched
2638,The WISE Charter Society,Charter,186,204,18,0.09677419354838701,matched
2669,Agriculture Charter School Society,Charter,,127,,,one-year-only
2671,Andrew Rural Academy Foundation,Charter,,119,,,one-year-only
2743,Roots of Resilience Charter School Society,Charter,,71,,,one-year-only
2750,Alberta Advance Academy,Charter,,448,,,one-year-only
3020,The Edmonton School Division,Public,120918,122648,1730,0.014307216460742067,matched
3030,The Calgary School Division,Public,142511,142992,481,0.0033751780564308387,matched
3040,The Lethbridge School Division,Public,12279,12260,-19,-0.001547357276651229,matched
3050,The Medicine Hat School Division,Public,6837,6719,-118,-0.017259031739066844,matched
3065,The Canadian Rockies School Division,Public,2094,2007,-87,-0.04154727793696278,matched
3070,The Red Deer School Division ,Public,11388,11250,-138,-0.012118018967333999,matched
3240,The Grande Prairie School Division,Public,8897,8860,-37,-0.004158705181521838,matched
3260,The Fort McMurray School Division,Public,8144,8234,90,0.011051080550098291,matched
4010,The Calgary Roman Catholic Separate School Division,Separate,63410,64143,733,0.011559690900488917,matched
4077,The Greater St. Albert Roman Catholic Separate School Division,Separate,5735,5938,203,0.03539668700959031,matched
4105,The Lakeland Roman Catholic Separate School Division,Separate,2708,2809,101,0.03729689807976366,matched
4130,The Grande Prairie Roman Catholic Separate School Division,Separate,5412,5376,-36,-0.006651884700665134,matched
4160,The Fort McMurray Roman Catholic Separate School Division,Separate,7015,6998,-17,-0.002423378474697091,matched
4208,The Christ the Redeemer Catholic Separate School Division,Separate,10389,10508,119,0.011454422947348109,matched
4330,The East Central Alberta Catholic Separate School Division,Separate,2644,2695,51,0.019288956127080148,matched
4481,The Holy Spirit Roman Catholic Separate School Division,Separate,5577,5570,-7,-0.0012551551013089135,matched
4501,The Medicine Hat Roman Catholic Separate School Division,Separate,2963,2954,-9,-0.0030374620317246137,matched
6015,New Horizons Charter School Society,Charter,441,454,13,0.02947845804988658,matched
6017,Boyle Street Education Centre,Charter,173,178,5,0.028901734104046284,matched
6019,CAPE - Centre for Academic and Personal Excellence Institute,Charter,292,301,9,0.03082191780821919,matched
6020,Aurora School Ltd.,Charter,1211,1534,323,0.2667217175887695,matched
6021,Almadina School Society,Charter,1391,1401,10,0.007189072609633307,matched
7020,The St. Albert School Division,Public,9823,9838,15,0.0015270284027282255,matched
8040,The Greater North Central Francophone Education Region,Francophone,4571,4726,155,0.03390942900896965,matched
8050,The Northwest Francophone Education Region,Francophone,475,505,30,0.06315789473684208,matched
8060,The East Central Francophone Education Region,Francophone,801,835,34,0.04244694132334592,matched
