year,institution,note,locator
2024,Athabasca University,"Athabasca University updated their LERS reporting period from a calendar year to a May through April reporting period (to align with other post-secondary reporting). To ensure no enrolments went unreported, this reporting change resulted in the university having to report one additional session in the transition year (January 2024 – April 2025). Therefore, this transition year has created an artificial increase to the institutional, sector and system enrolments. The inclusion of the ""extra"" Spring 2024 session adds an additional 3,200 FLE and 7,500 learners to what the university would have reported during the 12-month period. This is a one-year anomaly to ensure no enrolments went unreported and future LERS reporting cycles will follow the May – April reporting period.",Reporting Changes!A4:C4
2024,Lethbridge Polytechnic,"Lethbridge College became Lethbridge Polytechnic in the 2024/25 academic year, moving from the CCC sector to the POLY sector. To ensure longitudinal analysis, all reporting will use the new name and sector allocation.",Reporting Changes!A5:C5
2024,Makami College,"MaKami College first reported LERS enrolments in 2024/25 and the inclusion of their enrolment data will impact longitudinal analysis at the IAI sector and system level, as both these totals will show increases of around 1,700 FLE and learners due to MaKami College first reporting in 2024/25.",Reporting Changes!A6:C6
2024,NorQuest College,"NorQuest College updated their LERS Academic Year to align with Fiscal Reporting for 2024-25 forward.  To ensure consistent reporting, the 2024 spring session has been reported in both the 2023-24 and 2024-25 academic years.",Reporting Changes!A7:C7
2024,University of Alberta,"University of Alberta worked to update their thesis program records in 2024/25 (correcting the issue of over-reporting FLE), which resulted in a slight drop in FLEs among Graduate programs. Along with this change, the University of Alberta began to report course and thesis based graduate programming separately.",Reporting Changes!A8:C8
2023,Keyano College,The significant increase in enrolments at Keyano College can be attributed the college's continuous efforts in international student recruitment.,Reporting Changes!A9:C9
2023,Lakeland College,"Lakeland College changed its LERS reporting period to align with its updated fiscal year in 2022-23. As a result, the institution shifted from a 4-session to a 3-session reporting structure for 2023-24 LERS reporting.",Reporting Changes!A10:C10
2023,Lethbridge College,"Lethbridge College will become Lethbridge Polytechnic in the 2024-25 academic year. As all data in these tables precedes this change, the changes will not appear in this file.",Reporting Changes!A11:C11
2023,NorQuest College,"In 2022-23, NorQuest College incorrectly reported learners from Ukraine that have expedited visas with a “Permanent Resident” Legal Status; this over‐reported the number of domestic learners by around 500 learners among English as a Second Language programming. For 2023‐24 reporting and future reporting, these learners were coded as “Other Visa”.",Reporting Changes!A12:C12
2023,Northwestern Polytechnic,"Northwestern Polytechnic changed its LERS reporting period to align with its updated fiscal year in 2022-23. As a result, the institution shifted from a 4-session to a 3-session reporting structure for 2023-24 LERS reporting forward.",Reporting Changes!A13:C13
2023,Portage College,Portage College is in the process of teaching out programming that is being offered through partnerships with two private institutions. The significant drop in international learners at the college is a result of these offerings being taught out over the year.,Reporting Changes!A14:C14
2023,University of Calgary,"In 2023-24, the University of Calgary moved course-based graduate students to term based registration (previously an annual registration). In order to ensure accurate reporting to correctly reflect this change in our enrolment policy, a review of program records in PAPRS was completed. Changes included full load updates, administrative updates and PAPRS corrections. The adjustments resulted in an increase in FLEs in a number of programs where the FLE counts were previously underreported.",Reporting Changes!A15:C15
2023,University of Alberta,Graduate level thesis FLE at the University of Alberta continues to be over reported in the 2023-24 submission. The U of A has committed to ensuring this is resolved in time for the 2024-25 LERS submission.,Reporting Changes!A16:C16
2022,Northwestern Polytechnic,"In 2022-23, Grande Prairie Regional College updated its name to Northwestern Polytechnic and moved from the CCC sector to the Poly Sector. For longitudinal reporting purposes, all historical data is presented using  the new name and sector allocation. ",Reporting Changes!A17:C17
2022,Northwestern Polytechnic,"Northwestern Polytechnic has updated its LERS reporting period to align with its updated fiscal year for 2022-23 forward. This resulted in their LERS reporting year moving from July 1st to June 30th to a May 1st to April 30th reporting period. As a result, Spring 2022 enrolments have been reported in both 2021‐22 and 2022‐23 LERS reporting periods. Due to this change, caution should be used for longitudinal analysis.",Reporting Changes!A18:C18
2022,Lakeland College,"Lakeland College has updated its LERS reporting period to align with its updated fiscal year for 2022-23 forward. This resulted in their LERS reporting year moving from July 1st to June 30th to a May 1st to April 30th reporting period. As a result, Spring 2022 enrolments have been reported in both 2021‐22 and 2022‐23 LERS reporting periods. Due to this change, caution should be used for longitudinal analysis.",Reporting Changes!A19:C19
2021,Athabasca University,"Athabasca University shifted from reporting by effective program students to program students. Previously, learners were reported in Open Studies until after they had taken at least six credits toward their program (i.e., effective program students).Beginning with 2021-2022 learners are reported in the programs they enroll in, irrespective of the credits taken. This change will reduce enrolments reported in open studies and increase those in each program.",Reporting Changes!A20:C20
2021,Mount Royal University,"Mount Royal University moved from a July-June reporting year to May-April.  To ensure consistent 12 month reporting, the spring session from the 2020-21 submission was re-reported in the 2021-22 LERS submission.",Reporting Changes!A21:C21
2021,Northern Alberta Institute of Technology,"Northern Alberta Institute of Technology moved from a July-June reporting year to May-April.  To ensure consistent 12 month reporting, the spring session from the 2020-21 submission was re-reported in the 2021-22 LERS submission.",Reporting Changes!A22:C22
2021,Southern Alberta Institute of Technology,"Southern Alberta Institute of Technology moved from a July-June reporting year to May-April.  To ensure consistent 12 month reporting, the spring session from the 2020-21 submission was re-reported in the 2021-22 LERS submission.",Reporting Changes!A23:C23
2021,Red Deer Polytechnic,"In July 2021, Red Deer College was renamed Red Deer Polytechnic and moved from the CCC sector to the Poly Sector.  For longitudinal reporting purposes, all historical data is presented using  the new name and sector allocation. ",Reporting Changes!A24:C24
2021,Mount Royal University,"Mount Royal University updated its LERS Academic Year to align with Fiscal Reporting for 2021-22 forward.  To ensure consistent reporting, the 2021 spring session has been reported in both the 2020-21 and 2021-22 academic years.",Reporting Changes!A25:C25
2021,Northern Alberta Institute of Technology,"Northern Alberta Institute of Technology updated its LERS Academic Year to align with Fiscal Reporting for 2021-22 forward.  To ensure consistent reporting, the 2021 spring session has been reported in both the 2020-21 and 2021-22 academic years.",Reporting Changes!A26:C26
2021,Portage College,"In 2021-22 and 2022-23, Portage College includes enrolments related to public-private partnership agreements. The inclusion of these enrolments result in significant increases in both FLE and learners reported in these years.  With the college teaching out these programs, it is expected that these enrolments will decline over the next year.",Reporting Changes!A27:C27
2021,Southern Alberta Institute of Technology,"Southern Alberta Institute of Technology updated its LERS Academic Year to align with Fiscal Reporting for 2021-22 forward.  To ensure consistent reporting, the 2021 spring session has been reported in both the 2020-21 and 2021-22 academic years.",Reporting Changes!A28:C28
2019,System,The Active learner definition was standardized leading to learners (and enrolments) previously excluded now being included in LERS submissions. The Active Learner definition was updated to ensure consistent reporting of enrolments as of the time of the add deadline date.,Reporting Changes!A29:C29
2019,Southern Alberta Institute of Technology,Reporting cleanup at SAIT resulted in learners taking courses from a program without enrolling in the program properly being reported in Open Studies (prior years allocated learners to the program the courses belonged to).,Reporting Changes!A30:C30
2018,Lethbridge College ,Lethbridge College updated several program records to bring them into alignment with credit policies at their institution. This change resulted in significant FLE increases compared to prior years.,Reporting Changes!A31:C31
2017,University of Alberta,The University of Alberta had a significant reporting change related to their thesis level graduate FLE enrolments. This change resulted in artificial FLE decreases to thesis enrolments compared to prior years.  ,Reporting Changes!A32:C32
2016,Keyano College,LERS had a significant decrease in enrolments at Keyano College due to wildfires.,Reporting Changes!A33:C33
2015,Olds College,Reporting cleanup at Olds College led to the removal of pre-packaged enrolments (which are not to be reported) in 2015-16.  This reporting change caused an artificial enrolment drop (~500 learners no longer reported).,Reporting Changes!A34:C34
