year,period,institution,sector,fle,public20,source_id,locator
2015,2015-2016,Athabasca University,Comprehensive Academic and Research Universities,8468.961,True,alberta_lers_fle_2024_25,By Sector and Institution!E2
2015,2015-2016,University of Alberta,Comprehensive Academic and Research Universities,36363.822,True,alberta_lers_fle_2024_25,By Sector and Institution!E3
2015,2015-2016,University of Calgary,Comprehensive Academic and Research Universities,27488.709,True,alberta_lers_fle_2024_25,By Sector and Institution!E4
2015,2015-2016,University of Lethbridge,Comprehensive Academic and Research Universities,6948.957,True,alberta_lers_fle_2024_25,By Sector and Institution!E5
2015,2015-2016,Bow Valley College,Comprehensive Community Colleges,6309.14,True,alberta_lers_fle_2024_25,By Sector and Institution!E7
2015,2015-2016,Keyano College,Comprehensive Community Colleges,1137.378,True,alberta_lers_fle_2024_25,By Sector and Institution!E8
2015,2015-2016,Lakeland College,Comprehensive Community Colleges,1957.105,True,alberta_lers_fle_2024_25,By Sector and Institution!E9
2015,2015-2016,Medicine Hat College,Comprehensive Community Colleges,2080.001,True,alberta_lers_fle_2024_25,By Sector and Institution!E10
2015,2015-2016,NorQuest College,Comprehensive Community Colleges,5012.952,True,alberta_lers_fle_2024_25,By Sector and Institution!E11
2015,2015-2016,Northern Lakes College,Comprehensive Community Colleges,1088.115,True,alberta_lers_fle_2024_25,By Sector and Institution!E12
2015,2015-2016,Olds College,Comprehensive Community Colleges,1246.244,True,alberta_lers_fle_2024_25,By Sector and Institution!E13
2015,2015-2016,Portage College,Comprehensive Community Colleges,873.786,True,alberta_lers_fle_2024_25,By Sector and Institution!E14
2015,2015-2016,Ambrose University,Independent Academic Institutions,480.687,False,alberta_lers_fle_2024_25,By Sector and Institution!E16
2015,2015-2016,Burman University,Independent Academic Institutions,434.577,False,alberta_lers_fle_2024_25,By Sector and Institution!E17
2015,2015-2016,Concordia University of Edmonton,Independent Academic Institutions,1433.882,False,alberta_lers_fle_2024_25,By Sector and Institution!E18
2015,2015-2016,"King's University, The",Independent Academic Institutions,628.972,False,alberta_lers_fle_2024_25,By Sector and Institution!E19
2015,2015-2016,St. Mary's University,Independent Academic Institutions,621.75,False,alberta_lers_fle_2024_25,By Sector and Institution!E20
2015,2015-2016,Lethbridge Polytechnic,Polytechnic Institutions,3821.249,True,alberta_lers_fle_2024_25,By Sector and Institution!E22
2015,2015-2016,Northern Alberta Institute of Technology,Polytechnic Institutions,13808.065,True,alberta_lers_fle_2024_25,By Sector and Institution!E23
2015,2015-2016,Northwestern Polytechnic,Polytechnic Institutions,1876.991,True,alberta_lers_fle_2024_25,By Sector and Institution!E24
2015,2015-2016,Red Deer Polytechnic,Polytechnic Institutions,3778.323,True,alberta_lers_fle_2024_25,By Sector and Institution!E25
2015,2015-2016,Southern Alberta Institute of Technology,Polytechnic Institutions,14261.622,True,alberta_lers_fle_2024_25,By Sector and Institution!E26
2015,2015-2016,Alberta University of the Arts,Undergraduate Universities,954.05,True,alberta_lers_fle_2024_25,By Sector and Institution!E28
2015,2015-2016,Grant MacEwan University,Undergraduate Universities,12580.666,True,alberta_lers_fle_2024_25,By Sector and Institution!E29
2015,2015-2016,Mount Royal University,Undergraduate Universities,9265.859,True,alberta_lers_fle_2024_25,By Sector and Institution!E30
2016,2016-2017,Athabasca University,Comprehensive Academic and Research Universities,8648.057,True,alberta_lers_fle_2024_25,By Sector and Institution!E33
2016,2016-2017,University of Alberta,Comprehensive Academic and Research Universities,36868.69,True,alberta_lers_fle_2024_25,By Sector and Institution!E34
2016,2016-2017,University of Calgary,Comprehensive Academic and Research Universities,28559.985,True,alberta_lers_fle_2024_25,By Sector and Institution!E35
2016,2016-2017,University of Lethbridge,Comprehensive Academic and Research Universities,6996.336,True,alberta_lers_fle_2024_25,By Sector and Institution!E36
2016,2016-2017,Bow Valley College,Comprehensive Community Colleges,6664.625,True,alberta_lers_fle_2024_25,By Sector and Institution!E38
2016,2016-2017,Keyano College,Comprehensive Community Colleges,996.655,True,alberta_lers_fle_2024_25,By Sector and Institution!E39
2016,2016-2017,Lakeland College,Comprehensive Community Colleges,2073.254,True,alberta_lers_fle_2024_25,By Sector and Institution!E40
2016,2016-2017,Medicine Hat College,Comprehensive Community Colleges,2073.336,True,alberta_lers_fle_2024_25,By Sector and Institution!E41
2016,2016-2017,NorQuest College,Comprehensive Community Colleges,5711.66,True,alberta_lers_fle_2024_25,By Sector and Institution!E42
2016,2016-2017,Northern Lakes College,Comprehensive Community Colleges,1193.487,True,alberta_lers_fle_2024_25,By Sector and Institution!E43
2016,2016-2017,Olds College,Comprehensive Community Colleges,1209.551,True,alberta_lers_fle_2024_25,By Sector and Institution!E44
2016,2016-2017,Portage College,Comprehensive Community Colleges,883.243,True,alberta_lers_fle_2024_25,By Sector and Institution!E45
2016,2016-2017,Ambrose University,Independent Academic Institutions,517.286,False,alberta_lers_fle_2024_25,By Sector and Institution!E47
2016,2016-2017,Burman University,Independent Academic Institutions,421.105,False,alberta_lers_fle_2024_25,By Sector and Institution!E48
2016,2016-2017,Concordia University of Edmonton,Independent Academic Institutions,1603.767,False,alberta_lers_fle_2024_25,By Sector and Institution!E49
2016,2016-2017,"King's University, The",Independent Academic Institutions,627.113,False,alberta_lers_fle_2024_25,By Sector and Institution!E50
2016,2016-2017,St. Mary's University,Independent Academic Institutions,659,False,alberta_lers_fle_2024_25,By Sector and Institution!E51
2016,2016-2017,Lethbridge Polytechnic,Polytechnic Institutions,3868.942,True,alberta_lers_fle_2024_25,By Sector and Institution!E53
2016,2016-2017,Northern Alberta Institute of Technology,Polytechnic Institutions,14230.831,True,alberta_lers_fle_2024_25,By Sector and Institution!E54
2016,2016-2017,Northwestern Polytechnic,Polytechnic Institutions,1843.675,True,alberta_lers_fle_2024_25,By Sector and Institution!E55
2016,2016-2017,Red Deer Polytechnic,Polytechnic Institutions,3863.134,True,alberta_lers_fle_2024_25,By Sector and Institution!E56
2016,2016-2017,Southern Alberta Institute of Technology,Polytechnic Institutions,13946.246,True,alberta_lers_fle_2024_25,By Sector and Institution!E57
2016,2016-2017,Alberta University of the Arts,Undergraduate Universities,927.85,True,alberta_lers_fle_2024_25,By Sector and Institution!E59
2016,2016-2017,Grant MacEwan University,Undergraduate Universities,12623.224,True,alberta_lers_fle_2024_25,By Sector and Institution!E60
2016,2016-2017,Mount Royal University,Undergraduate Universities,9533.811,True,alberta_lers_fle_2024_25,By Sector and Institution!E61
2017,2017-2018,Athabasca University,Comprehensive Academic and Research Universities,8738.833,True,alberta_lers_fle_2024_25,By Sector and Institution!E64
2017,2017-2018,University of Alberta,Comprehensive Academic and Research Universities,35382.515,True,alberta_lers_fle_2024_25,By Sector and Institution!E65
2017,2017-2018,University of Calgary,Comprehensive Academic and Research Universities,29144.815,True,alberta_lers_fle_2024_25,By Sector and Institution!E66
2017,2017-2018,University of Lethbridge,Comprehensive Academic and Research Universities,6989.932,True,alberta_lers_fle_2024_25,By Sector and Institution!E67
2017,2017-2018,Bow Valley College,Comprehensive Community Colleges,7803.839,True,alberta_lers_fle_2024_25,By Sector and Institution!E69
2017,2017-2018,Keyano College,Comprehensive Community Colleges,1044.836,True,alberta_lers_fle_2024_25,By Sector and Institution!E70
2017,2017-2018,Lakeland College,Comprehensive Community Colleges,2140.867,True,alberta_lers_fle_2024_25,By Sector and Institution!E71
2017,2017-2018,Medicine Hat College,Comprehensive Community Colleges,2022.292,True,alberta_lers_fle_2024_25,By Sector and Institution!E72
2017,2017-2018,NorQuest College,Comprehensive Community Colleges,6520.577,True,alberta_lers_fle_2024_25,By Sector and Institution!E73
2017,2017-2018,Northern Lakes College,Comprehensive Community Colleges,1339.586,True,alberta_lers_fle_2024_25,By Sector and Institution!E74
2017,2017-2018,Olds College,Comprehensive Community Colleges,1246.579,True,alberta_lers_fle_2024_25,By Sector and Institution!E75
2017,2017-2018,Portage College,Comprehensive Community Colleges,936.339,True,alberta_lers_fle_2024_25,By Sector and Institution!E76
2017,2017-2018,Ambrose University,Independent Academic Institutions,512.253,False,alberta_lers_fle_2024_25,By Sector and Institution!E78
2017,2017-2018,Burman University,Independent Academic Institutions,396.711,False,alberta_lers_fle_2024_25,By Sector and Institution!E79
2017,2017-2018,Concordia University of Edmonton,Independent Academic Institutions,1659.668,False,alberta_lers_fle_2024_25,By Sector and Institution!E80
2017,2017-2018,"King's University, The",Independent Academic Institutions,654.34,False,alberta_lers_fle_2024_25,By Sector and Institution!E81
2017,2017-2018,St. Mary's University,Independent Academic Institutions,738.15,False,alberta_lers_fle_2024_25,By Sector and Institution!E82
2017,2017-2018,Lethbridge Polytechnic,Polytechnic Institutions,4005.999,True,alberta_lers_fle_2024_25,By Sector and Institution!E84
2017,2017-2018,Northern Alberta Institute of Technology,Polytechnic Institutions,13750.246,True,alberta_lers_fle_2024_25,By Sector and Institution!E85
2017,2017-2018,Northwestern Polytechnic,Polytechnic Institutions,1727.208,True,alberta_lers_fle_2024_25,By Sector and Institution!E86
2017,2017-2018,Red Deer Polytechnic,Polytechnic Institutions,3778.409,True,alberta_lers_fle_2024_25,By Sector and Institution!E87
2017,2017-2018,Southern Alberta Institute of Technology,Polytechnic Institutions,13343.675,True,alberta_lers_fle_2024_25,By Sector and Institution!E88
2017,2017-2018,Alberta University of the Arts,Undergraduate Universities,904.2,True,alberta_lers_fle_2024_25,By Sector and Institution!E90
2017,2017-2018,Grant MacEwan University,Undergraduate Universities,12916.522,True,alberta_lers_fle_2024_25,By Sector and Institution!E91
2017,2017-2018,Mount Royal University,Undergraduate Universities,9809.156,True,alberta_lers_fle_2024_25,By Sector and Institution!E92
2018,2018-2019,Athabasca University,Comprehensive Academic and Research Universities,9375.015,True,alberta_lers_fle_2024_25,By Sector and Institution!E95
2018,2018-2019,University of Alberta,Comprehensive Academic and Research Universities,36104.846,True,alberta_lers_fle_2024_25,By Sector and Institution!E96
2018,2018-2019,University of Calgary,Comprehensive Academic and Research Universities,30140.605,True,alberta_lers_fle_2024_25,By Sector and Institution!E97
2018,2018-2019,University of Lethbridge,Comprehensive Academic and Research Universities,6989.031,True,alberta_lers_fle_2024_25,By Sector and Institution!E98
2018,2018-2019,Bow Valley College,Comprehensive Community Colleges,8388.856,True,alberta_lers_fle_2024_25,By Sector and Institution!E100
2018,2018-2019,Keyano College,Comprehensive Community Colleges,1076.449,True,alberta_lers_fle_2024_25,By Sector and Institution!E101
2018,2018-2019,Lakeland College,Comprehensive Community Colleges,2145.817,True,alberta_lers_fle_2024_25,By Sector and Institution!E102
2018,2018-2019,Medicine Hat College,Comprehensive Community Colleges,1955.444,True,alberta_lers_fle_2024_25,By Sector and Institution!E103
2018,2018-2019,NorQuest College,Comprehensive Community Colleges,7083.375,True,alberta_lers_fle_2024_25,By Sector and Institution!E104
2018,2018-2019,Northern Lakes College,Comprehensive Community Colleges,1268.525,True,alberta_lers_fle_2024_25,By Sector and Institution!E105
2018,2018-2019,Olds College,Comprehensive Community Colleges,1438.013,True,alberta_lers_fle_2024_25,By Sector and Institution!E106
2018,2018-2019,Portage College,Comprehensive Community Colleges,952.15,True,alberta_lers_fle_2024_25,By Sector and Institution!E107
2018,2018-2019,Ambrose University,Independent Academic Institutions,487.619,False,alberta_lers_fle_2024_25,By Sector and Institution!E109
2018,2018-2019,Burman University,Independent Academic Institutions,405.444,False,alberta_lers_fle_2024_25,By Sector and Institution!E110
2018,2018-2019,Concordia University of Edmonton,Independent Academic Institutions,1878.133,False,alberta_lers_fle_2024_25,By Sector and Institution!E111
2018,2018-2019,"King's University, The",Independent Academic Institutions,682.449,False,alberta_lers_fle_2024_25,By Sector and Institution!E112
2018,2018-2019,St. Mary's University,Independent Academic Institutions,782.15,False,alberta_lers_fle_2024_25,By Sector and Institution!E113
2018,2018-2019,Lethbridge Polytechnic,Polytechnic Institutions,4603.49,True,alberta_lers_fle_2024_25,By Sector and Institution!E115
2018,2018-2019,Northern Alberta Institute of Technology,Polytechnic Institutions,13382.021,True,alberta_lers_fle_2024_25,By Sector and Institution!E116
2018,2018-2019,Northwestern Polytechnic,Polytechnic Institutions,1694.432,True,alberta_lers_fle_2024_25,By Sector and Institution!E117
2018,2018-2019,Red Deer Polytechnic,Polytechnic Institutions,3724.472,True,alberta_lers_fle_2024_25,By Sector and Institution!E118
2018,2018-2019,Southern Alberta Institute of Technology,Polytechnic Institutions,13716.606,True,alberta_lers_fle_2024_25,By Sector and Institution!E119
2018,2018-2019,Alberta University of the Arts,Undergraduate Universities,862.95,True,alberta_lers_fle_2024_25,By Sector and Institution!E121
2018,2018-2019,Grant MacEwan University,Undergraduate Universities,12750.922,True,alberta_lers_fle_2024_25,By Sector and Institution!E122
2018,2018-2019,Mount Royal University,Undergraduate Universities,10112.232,True,alberta_lers_fle_2024_25,By Sector and Institution!E123
2019,2019-2020,Athabasca University,Comprehensive Academic and Research Universities,9716.858,True,alberta_lers_fle_2024_25,By Sector and Institution!E126
2019,2019-2020,University of Alberta,Comprehensive Academic and Research Universities,36915.489,True,alberta_lers_fle_2024_25,By Sector and Institution!E127
2019,2019-2020,University of Calgary,Comprehensive Academic and Research Universities,31024.3,True,alberta_lers_fle_2024_25,By Sector and Institution!E128
2019,2019-2020,University of Lethbridge,Comprehensive Academic and Research Universities,7171.594,True,alberta_lers_fle_2024_25,By Sector and Institution!E129
2019,2019-2020,Bow Valley College,Comprehensive Community Colleges,8318.123,True,alberta_lers_fle_2024_25,By Sector and Institution!E131
2019,2019-2020,Keyano College,Comprehensive Community Colleges,1112.533,True,alberta_lers_fle_2024_25,By Sector and Institution!E132
2019,2019-2020,Lakeland College,Comprehensive Community Colleges,2032.416,True,alberta_lers_fle_2024_25,By Sector and Institution!E133
2019,2019-2020,Medicine Hat College,Comprehensive Community Colleges,1945.037,True,alberta_lers_fle_2024_25,By Sector and Institution!E134
2019,2019-2020,NorQuest College,Comprehensive Community Colleges,7692.375,True,alberta_lers_fle_2024_25,By Sector and Institution!E135
2019,2019-2020,Northern Lakes College,Comprehensive Community Colleges,1269.81,True,alberta_lers_fle_2024_25,By Sector and Institution!E136
2019,2019-2020,Olds College,Comprehensive Community Colleges,1357.916,True,alberta_lers_fle_2024_25,By Sector and Institution!E137
2019,2019-2020,Portage College,Comprehensive Community Colleges,911.931,True,alberta_lers_fle_2024_25,By Sector and Institution!E138
2019,2019-2020,Ambrose University,Independent Academic Institutions,473.417,False,alberta_lers_fle_2024_25,By Sector and Institution!E140
2019,2019-2020,Burman University,Independent Academic Institutions,416.705,False,alberta_lers_fle_2024_25,By Sector and Institution!E141
2019,2019-2020,Concordia University of Edmonton,Independent Academic Institutions,2340.504,False,alberta_lers_fle_2024_25,By Sector and Institution!E142
2019,2019-2020,"King's University, The",Independent Academic Institutions,688.761,False,alberta_lers_fle_2024_25,By Sector and Institution!E143
2019,2019-2020,St. Mary's University,Independent Academic Institutions,827.5,False,alberta_lers_fle_2024_25,By Sector and Institution!E144
2019,2019-2020,Lethbridge Polytechnic,Polytechnic Institutions,4746.042,True,alberta_lers_fle_2024_25,By Sector and Institution!E146
2019,2019-2020,Northern Alberta Institute of Technology,Polytechnic Institutions,12601.065,True,alberta_lers_fle_2024_25,By Sector and Institution!E147
2019,2019-2020,Northwestern Polytechnic,Polytechnic Institutions,1669.132,True,alberta_lers_fle_2024_25,By Sector and Institution!E148
2019,2019-2020,Red Deer Polytechnic,Polytechnic Institutions,3633.885,True,alberta_lers_fle_2024_25,By Sector and Institution!E149
2019,2019-2020,Southern Alberta Institute of Technology,Polytechnic Institutions,13451.957,True,alberta_lers_fle_2024_25,By Sector and Institution!E150
2019,2019-2020,Alberta University of the Arts,Undergraduate Universities,906.4,True,alberta_lers_fle_2024_25,By Sector and Institution!E152
2019,2019-2020,Grant MacEwan University,Undergraduate Universities,12337.726,True,alberta_lers_fle_2024_25,By Sector and Institution!E153
2019,2019-2020,Mount Royal University,Undergraduate Universities,10487.038,True,alberta_lers_fle_2024_25,By Sector and Institution!E154
2020,2020-2021,Athabasca University,Comprehensive Academic and Research Universities,10275.545,True,alberta_lers_fle_2024_25,By Sector and Institution!E157
2020,2020-2021,University of Alberta,Comprehensive Academic and Research Universities,39049.211,True,alberta_lers_fle_2024_25,By Sector and Institution!E158
2020,2020-2021,University of Calgary,Comprehensive Academic and Research Universities,32196.45,True,alberta_lers_fle_2024_25,By Sector and Institution!E159
2020,2020-2021,University of Lethbridge,Comprehensive Academic and Research Universities,7180.304,True,alberta_lers_fle_2024_25,By Sector and Institution!E160
2020,2020-2021,Bow Valley College,Comprehensive Community Colleges,7488.3,True,alberta_lers_fle_2024_25,By Sector and Institution!E162
2020,2020-2021,Keyano College,Comprehensive Community Colleges,970.405,True,alberta_lers_fle_2024_25,By Sector and Institution!E163
2020,2020-2021,Lakeland College,Comprehensive Community Colleges,1901.085,True,alberta_lers_fle_2024_25,By Sector and Institution!E164
2020,2020-2021,Medicine Hat College,Comprehensive Community Colleges,1903.888,True,alberta_lers_fle_2024_25,By Sector and Institution!E165
2020,2020-2021,NorQuest College,Comprehensive Community Colleges,7644.956,True,alberta_lers_fle_2024_25,By Sector and Institution!E166
2020,2020-2021,Northern Lakes College,Comprehensive Community Colleges,1341.131,True,alberta_lers_fle_2024_25,By Sector and Institution!E167
2020,2020-2021,Olds College,Comprehensive Community Colleges,1394.056,True,alberta_lers_fle_2024_25,By Sector and Institution!E168
2020,2020-2021,Portage College,Comprehensive Community Colleges,875.323,True,alberta_lers_fle_2024_25,By Sector and Institution!E169
2020,2020-2021,Ambrose University,Independent Academic Institutions,504.817,False,alberta_lers_fle_2024_25,By Sector and Institution!E171
2020,2020-2021,Burman University,Independent Academic Institutions,353.468,False,alberta_lers_fle_2024_25,By Sector and Institution!E172
2020,2020-2021,Concordia University of Edmonton,Independent Academic Institutions,2584.2,False,alberta_lers_fle_2024_25,By Sector and Institution!E173
2020,2020-2021,"King's University, The",Independent Academic Institutions,689.172,False,alberta_lers_fle_2024_25,By Sector and Institution!E174
2020,2020-2021,St. Mary's University,Independent Academic Institutions,882,False,alberta_lers_fle_2024_25,By Sector and Institution!E175
2020,2020-2021,Lethbridge Polytechnic,Polytechnic Institutions,4338.932,True,alberta_lers_fle_2024_25,By Sector and Institution!E177
2020,2020-2021,Northern Alberta Institute of Technology,Polytechnic Institutions,13048.243,True,alberta_lers_fle_2024_25,By Sector and Institution!E178
2020,2020-2021,Northwestern Polytechnic,Polytechnic Institutions,1604.244,True,alberta_lers_fle_2024_25,By Sector and Institution!E179
2020,2020-2021,Red Deer Polytechnic,Polytechnic Institutions,3603.114,True,alberta_lers_fle_2024_25,By Sector and Institution!E180
2020,2020-2021,Southern Alberta Institute of Technology,Polytechnic Institutions,13105.664,True,alberta_lers_fle_2024_25,By Sector and Institution!E181
2020,2020-2021,Alberta University of the Arts,Undergraduate Universities,864.05,True,alberta_lers_fle_2024_25,By Sector and Institution!E183
2020,2020-2021,Grant MacEwan University,Undergraduate Universities,12658.675,True,alberta_lers_fle_2024_25,By Sector and Institution!E184
2020,2020-2021,Mount Royal University,Undergraduate Universities,11042.448,True,alberta_lers_fle_2024_25,By Sector and Institution!E185
2021,2021-2022,Athabasca University,Comprehensive Academic and Research Universities,10051.902,True,alberta_lers_fle_2024_25,By Sector and Institution!E188
2021,2021-2022,University of Alberta,Comprehensive Academic and Research Universities,41198.468,True,alberta_lers_fle_2024_25,By Sector and Institution!E189
2021,2021-2022,University of Calgary,Comprehensive Academic and Research Universities,32206.191,True,alberta_lers_fle_2024_25,By Sector and Institution!E190
2021,2021-2022,University of Lethbridge,Comprehensive Academic and Research Universities,7722.826,True,alberta_lers_fle_2024_25,By Sector and Institution!E191
2021,2021-2022,Bow Valley College,Comprehensive Community Colleges,7887.203,True,alberta_lers_fle_2024_25,By Sector and Institution!E193
2021,2021-2022,Keyano College,Comprehensive Community Colleges,1059.737,True,alberta_lers_fle_2024_25,By Sector and Institution!E194
2021,2021-2022,Lakeland College,Comprehensive Community Colleges,1970.494,True,alberta_lers_fle_2024_25,By Sector and Institution!E195
2021,2021-2022,Medicine Hat College,Comprehensive Community Colleges,1813.527,True,alberta_lers_fle_2024_25,By Sector and Institution!E196
2021,2021-2022,NorQuest College,Comprehensive Community Colleges,8141.381,True,alberta_lers_fle_2024_25,By Sector and Institution!E197
2021,2021-2022,Northern Lakes College,Comprehensive Community Colleges,1420.923,True,alberta_lers_fle_2024_25,By Sector and Institution!E198
2021,2021-2022,Olds College,Comprehensive Community Colleges,1388.026,True,alberta_lers_fle_2024_25,By Sector and Institution!E199
2021,2021-2022,Portage College,Comprehensive Community Colleges,1167.899,True,alberta_lers_fle_2024_25,By Sector and Institution!E200
2021,2021-2022,Ambrose University,Independent Academic Institutions,440.785,False,alberta_lers_fle_2024_25,By Sector and Institution!E202
2021,2021-2022,Burman University,Independent Academic Institutions,312.724,False,alberta_lers_fle_2024_25,By Sector and Institution!E203
2021,2021-2022,Concordia University of Edmonton,Independent Academic Institutions,2424.646,False,alberta_lers_fle_2024_25,By Sector and Institution!E204
2021,2021-2022,"King's University, The",Independent Academic Institutions,724.607,False,alberta_lers_fle_2024_25,By Sector and Institution!E205
2021,2021-2022,St. Mary's University,Independent Academic Institutions,883.524,False,alberta_lers_fle_2024_25,By Sector and Institution!E206
2021,2021-2022,Lethbridge Polytechnic,Polytechnic Institutions,4300.529,True,alberta_lers_fle_2024_25,By Sector and Institution!E208
2021,2021-2022,Northern Alberta Institute of Technology,Polytechnic Institutions,12677.562,True,alberta_lers_fle_2024_25,By Sector and Institution!E209
2021,2021-2022,Northwestern Polytechnic,Polytechnic Institutions,1557.721,True,alberta_lers_fle_2024_25,By Sector and Institution!E210
2021,2021-2022,Red Deer Polytechnic,Polytechnic Institutions,3672.877,True,alberta_lers_fle_2024_25,By Sector and Institution!E211
2021,2021-2022,Southern Alberta Institute of Technology,Polytechnic Institutions,13820.167,True,alberta_lers_fle_2024_25,By Sector and Institution!E212
2021,2021-2022,Alberta University of the Arts,Undergraduate Universities,879.2,True,alberta_lers_fle_2024_25,By Sector and Institution!E214
2021,2021-2022,Grant MacEwan University,Undergraduate Universities,12617.572,True,alberta_lers_fle_2024_25,By Sector and Institution!E215
2021,2021-2022,Mount Royal University,Undergraduate Universities,11139.994,True,alberta_lers_fle_2024_25,By Sector and Institution!E216
2022,2022-2023,Athabasca University,Comprehensive Academic and Research Universities,9430.866,True,alberta_lers_fle_2024_25,By Sector and Institution!E219
2022,2022-2023,University of Alberta,Comprehensive Academic and Research Universities,43314.938,True,alberta_lers_fle_2024_25,By Sector and Institution!E220
2022,2022-2023,University of Calgary,Comprehensive Academic and Research Universities,32915.312,True,alberta_lers_fle_2024_25,By Sector and Institution!E221
2022,2022-2023,University of Lethbridge,Comprehensive Academic and Research Universities,7218.532,True,alberta_lers_fle_2024_25,By Sector and Institution!E222
2022,2022-2023,Bow Valley College,Comprehensive Community Colleges,8869.655,True,alberta_lers_fle_2024_25,By Sector and Institution!E224
2022,2022-2023,Keyano College,Comprehensive Community Colleges,1277.177,True,alberta_lers_fle_2024_25,By Sector and Institution!E225
2022,2022-2023,Lakeland College,Comprehensive Community Colleges,2087.185,True,alberta_lers_fle_2024_25,By Sector and Institution!E226
2022,2022-2023,Medicine Hat College,Comprehensive Community Colleges,1918.252,True,alberta_lers_fle_2024_25,By Sector and Institution!E227
2022,2022-2023,NorQuest College,Comprehensive Community Colleges,9997.577,True,alberta_lers_fle_2024_25,By Sector and Institution!E228
2022,2022-2023,Northern Lakes College,Comprehensive Community Colleges,1639.237,True,alberta_lers_fle_2024_25,By Sector and Institution!E229
2022,2022-2023,Olds College,Comprehensive Community Colleges,1515.504,True,alberta_lers_fle_2024_25,By Sector and Institution!E230
2022,2022-2023,Portage College,Comprehensive Community Colleges,1409.27,True,alberta_lers_fle_2024_25,By Sector and Institution!E231
2022,2022-2023,Ambrose University,Independent Academic Institutions,445.467,False,alberta_lers_fle_2024_25,By Sector and Institution!E233
2022,2022-2023,Burman University,Independent Academic Institutions,319.377,False,alberta_lers_fle_2024_25,By Sector and Institution!E234
2022,2022-2023,Concordia University of Edmonton,Independent Academic Institutions,2168.12,False,alberta_lers_fle_2024_25,By Sector and Institution!E235
2022,2022-2023,"King's University, The",Independent Academic Institutions,675.516,False,alberta_lers_fle_2024_25,By Sector and Institution!E236
2022,2022-2023,St. Mary's University,Independent Academic Institutions,829.714,False,alberta_lers_fle_2024_25,By Sector and Institution!E237
2022,2022-2023,Lethbridge Polytechnic,Polytechnic Institutions,4427.778,True,alberta_lers_fle_2024_25,By Sector and Institution!E239
2022,2022-2023,Northern Alberta Institute of Technology,Polytechnic Institutions,13389.302,True,alberta_lers_fle_2024_25,By Sector and Institution!E240
2022,2022-2023,Northwestern Polytechnic,Polytechnic Institutions,1637.084,True,alberta_lers_fle_2024_25,By Sector and Institution!E241
2022,2022-2023,Red Deer Polytechnic,Polytechnic Institutions,4134.736,True,alberta_lers_fle_2024_25,By Sector and Institution!E242
2022,2022-2023,Southern Alberta Institute of Technology,Polytechnic Institutions,15034.152,True,alberta_lers_fle_2024_25,By Sector and Institution!E243
2022,2022-2023,Alberta University of the Arts,Undergraduate Universities,967.1,True,alberta_lers_fle_2024_25,By Sector and Institution!E245
2022,2022-2023,Grant MacEwan University,Undergraduate Universities,12558.84,True,alberta_lers_fle_2024_25,By Sector and Institution!E246
2022,2022-2023,Mount Royal University,Undergraduate Universities,11144.291,True,alberta_lers_fle_2024_25,By Sector and Institution!E247
2023,2023-2024,Athabasca University,Comprehensive Academic and Research Universities,9207.998,True,alberta_lers_fle_2024_25,By Sector and Institution!E250
2023,2023-2024,University of Alberta,Comprehensive Academic and Research Universities,44059.881,True,alberta_lers_fle_2024_25,By Sector and Institution!E251
2023,2023-2024,University of Calgary,Comprehensive Academic and Research Universities,35582.771,True,alberta_lers_fle_2024_25,By Sector and Institution!E252
2023,2023-2024,University of Lethbridge,Comprehensive Academic and Research Universities,7434.848,True,alberta_lers_fle_2024_25,By Sector and Institution!E253
2023,2023-2024,Bow Valley College,Comprehensive Community Colleges,9624.69,True,alberta_lers_fle_2024_25,By Sector and Institution!E255
2023,2023-2024,Keyano College,Comprehensive Community Colleges,2164.33,True,alberta_lers_fle_2024_25,By Sector and Institution!E256
2023,2023-2024,Lakeland College,Comprehensive Community Colleges,2233.372,True,alberta_lers_fle_2024_25,By Sector and Institution!E257
2023,2023-2024,Medicine Hat College,Comprehensive Community Colleges,2118.95,True,alberta_lers_fle_2024_25,By Sector and Institution!E258
2023,2023-2024,NorQuest College,Comprehensive Community Colleges,11374.196,True,alberta_lers_fle_2024_25,By Sector and Institution!E259
2023,2023-2024,Northern Lakes College,Comprehensive Community Colleges,1845.989,True,alberta_lers_fle_2024_25,By Sector and Institution!E260
2023,2023-2024,Olds College,Comprehensive Community Colleges,1996.953,True,alberta_lers_fle_2024_25,By Sector and Institution!E261
2023,2023-2024,Portage College,Comprehensive Community Colleges,1615.229,True,alberta_lers_fle_2024_25,By Sector and Institution!E262
2023,2023-2024,Ambrose University,Independent Academic Institutions,461.064,False,alberta_lers_fle_2024_25,By Sector and Institution!E264
2023,2023-2024,Burman University,Independent Academic Institutions,305.836,False,alberta_lers_fle_2024_25,By Sector and Institution!E265
2023,2023-2024,Concordia University of Edmonton,Independent Academic Institutions,2146.427,False,alberta_lers_fle_2024_25,By Sector and Institution!E266
2023,2023-2024,"King's University, The",Independent Academic Institutions,685.754,False,alberta_lers_fle_2024_25,By Sector and Institution!E267
2023,2023-2024,St. Mary's University,Independent Academic Institutions,799.145,False,alberta_lers_fle_2024_25,By Sector and Institution!E268
2023,2023-2024,Lethbridge Polytechnic,Polytechnic Institutions,4758.714,True,alberta_lers_fle_2024_25,By Sector and Institution!E270
2023,2023-2024,Northern Alberta Institute of Technology,Polytechnic Institutions,14636.169,True,alberta_lers_fle_2024_25,By Sector and Institution!E271
2023,2023-2024,Northwestern Polytechnic,Polytechnic Institutions,1986.223,True,alberta_lers_fle_2024_25,By Sector and Institution!E272
2023,2023-2024,Red Deer Polytechnic,Polytechnic Institutions,4496.777,True,alberta_lers_fle_2024_25,By Sector and Institution!E273
2023,2023-2024,Southern Alberta Institute of Technology,Polytechnic Institutions,18402.318,True,alberta_lers_fle_2024_25,By Sector and Institution!E274
2023,2023-2024,Alberta University of the Arts,Undergraduate Universities,1015.2,True,alberta_lers_fle_2024_25,By Sector and Institution!E276
2023,2023-2024,Grant MacEwan University,Undergraduate Universities,13480.761,True,alberta_lers_fle_2024_25,By Sector and Institution!E277
2023,2023-2024,Mount Royal University,Undergraduate Universities,11560.536,True,alberta_lers_fle_2024_25,By Sector and Institution!E278
2024,2024-2025,Athabasca University,Comprehensive Academic and Research Universities,12640.8,True,alberta_lers_fle_2024_25,By Sector and Institution!E281
2024,2024-2025,University of Alberta,Comprehensive Academic and Research Universities,45332.995,True,alberta_lers_fle_2024_25,By Sector and Institution!E282
2024,2024-2025,University of Calgary,Comprehensive Academic and Research Universities,36391.105,True,alberta_lers_fle_2024_25,By Sector and Institution!E283
2024,2024-2025,University of Lethbridge,Comprehensive Academic and Research Universities,7504.502,True,alberta_lers_fle_2024_25,By Sector and Institution!E284
2024,2024-2025,Bow Valley College,Comprehensive Community Colleges,9546.893,True,alberta_lers_fle_2024_25,By Sector and Institution!E286
2024,2024-2025,Keyano College,Comprehensive Community Colleges,2612.242,True,alberta_lers_fle_2024_25,By Sector and Institution!E287
2024,2024-2025,Lakeland College,Comprehensive Community Colleges,2610.616,True,alberta_lers_fle_2024_25,By Sector and Institution!E288
2024,2024-2025,Medicine Hat College,Comprehensive Community Colleges,2220.034,True,alberta_lers_fle_2024_25,By Sector and Institution!E289
2024,2024-2025,NorQuest College,Comprehensive Community Colleges,11161.329,True,alberta_lers_fle_2024_25,By Sector and Institution!E290
2024,2024-2025,Northern Lakes College,Comprehensive Community Colleges,1842.253,True,alberta_lers_fle_2024_25,By Sector and Institution!E291
2024,2024-2025,Olds College,Comprehensive Community Colleges,2131.87,True,alberta_lers_fle_2024_25,By Sector and Institution!E292
2024,2024-2025,Portage College,Comprehensive Community Colleges,1726.981,True,alberta_lers_fle_2024_25,By Sector and Institution!E293
2024,2024-2025,Ambrose University,Independent Academic Institutions,483.616,False,alberta_lers_fle_2024_25,By Sector and Institution!E295
2024,2024-2025,Burman University,Independent Academic Institutions,334.135,False,alberta_lers_fle_2024_25,By Sector and Institution!E296
2024,2024-2025,Concordia University of Edmonton,Independent Academic Institutions,2145.652,False,alberta_lers_fle_2024_25,By Sector and Institution!E297
2024,2024-2025,"King's University, The",Independent Academic Institutions,694.562,False,alberta_lers_fle_2024_25,By Sector and Institution!E298
2024,2024-2025,MaKami College,Independent Academic Institutions,1683.28,False,alberta_lers_fle_2024_25,By Sector and Institution!E299
2024,2024-2025,St. Mary's University,Independent Academic Institutions,846.042,False,alberta_lers_fle_2024_25,By Sector and Institution!E300
2024,2024-2025,Lethbridge Polytechnic,Polytechnic Institutions,4804.436,True,alberta_lers_fle_2024_25,By Sector and Institution!E302
2024,2024-2025,Northern Alberta Institute of Technology,Polytechnic Institutions,17179.607,True,alberta_lers_fle_2024_25,By Sector and Institution!E303
2024,2024-2025,Northwestern Polytechnic,Polytechnic Institutions,2227.207,True,alberta_lers_fle_2024_25,By Sector and Institution!E304
2024,2024-2025,Red Deer Polytechnic,Polytechnic Institutions,4949.882,True,alberta_lers_fle_2024_25,By Sector and Institution!E305
2024,2024-2025,Southern Alberta Institute of Technology,Polytechnic Institutions,19596.168,True,alberta_lers_fle_2024_25,By Sector and Institution!E306
2024,2024-2025,Alberta University of the Arts,Undergraduate Universities,1028.1,True,alberta_lers_fle_2024_25,By Sector and Institution!E308
2024,2024-2025,Grant MacEwan University,Undergraduate Universities,14487.505,True,alberta_lers_fle_2024_25,By Sector and Institution!E309
2024,2024-2025,Mount Royal University,Undergraduate Universities,11947.614,True,alberta_lers_fle_2024_25,By Sector and Institution!E310
